# Host: 172.16.20.99  (Version: 5.5.37-0ubuntu0.14.04.1)
# Date: 2015-09-21 17:51:41
# Generator: MySQL-Front 5.3  (Build 4.214)

/*!40101 SET NAMES latin1 */;

#
# Structure for table "aplicaciones"
#

DROP TABLE IF EXISTS `aplicaciones`;
CREATE TABLE `aplicaciones` (
  `id` int(10) unsigned NOT NULL AUTO_INCREMENT,
  `dba_id` int(11) NOT NULL,
  `tec_id` int(11) NOT NULL,
  `codigo_aplicacion` varchar(255) COLLATE utf8_unicode_ci NOT NULL,
  `nombre_aplicacion` varchar(255) COLLATE utf8_unicode_ci NOT NULL,
  `nombre_visor` varchar(255) COLLATE utf8_unicode_ci DEFAULT NULL,
  `estado` varchar(255) COLLATE utf8_unicode_ci NOT NULL,
  `created_at` datetime NOT NULL,
  `updated_at` datetime NOT NULL,
  PRIMARY KEY (`id`)
) ENGINE=InnoDB AUTO_INCREMENT=48 DEFAULT CHARSET=utf8 COLLATE=utf8_unicode_ci;

#
# Data for table "aplicaciones"
#

INSERT INTO `aplicaciones` VALUES (6,0,0,'Aleph','Aleph',NULL,'4','2015-05-14 14:23:43','2015-05-14 14:24:16'),(7,18,12,'Argos','Argos',NULL,'1','2015-05-14 14:23:50','2015-05-19 15:01:41'),(8,24,5,'BannerAcad','Banner Académico','Banner Academico visor','1','2015-05-14 14:24:07','2015-09-09 15:47:48'),(9,24,16,'BannerFina','Banner Financiero',NULL,'1','2015-05-14 14:24:30','2015-05-15 21:30:55'),(10,0,0,'BannerGene','Banner General',NULL,'1','2015-05-14 14:24:46','2015-05-14 14:24:46'),(11,24,11,'BasesDigi','Bases Digitales de información',NULL,'1','2015-05-14 14:24:59','2015-06-02 22:07:41'),(12,0,12,'CRMGrad','CRM de Gradudados',NULL,'1','2015-05-14 14:25:12','2015-06-30 21:46:34'),(13,24,12,'Java','Cupon de pago',NULL,'1','2015-05-14 14:25:25','2015-05-19 15:04:11'),(14,24,11,'Edupage','Edupage',NULL,'1','2015-05-14 14:25:39','2015-05-20 14:21:47'),(15,24,11,'Elogim','Elogim',NULL,'1','2015-05-14 14:25:49','2015-05-20 14:22:03'),(16,18,18,'eMobilie','Ellucian Mobile',NULL,'2','2015-05-14 14:26:02','2015-07-13 20:22:08'),(17,24,11,'Ezproxy','Ezproxy',NULL,'1','2015-05-14 14:26:16','2015-06-02 21:14:33'),(18,0,0,'Iblackboard','Interface Blackboard',NULL,'1','2015-05-14 14:26:31','2015-06-01 13:09:03'),(19,0,8,'Intranet','Intranet',NULL,'1','2015-05-14 14:26:40','2015-05-26 00:32:44'),(20,0,0,'IntraVieja','Intranet Vieja',NULL,'3','2015-05-14 14:26:53','2015-05-14 14:26:53'),(21,24,11,'Koha','Koha',NULL,'1','2015-05-14 14:27:02','2015-05-20 14:19:26'),(22,24,11,'PaginaCald','Pagina WEB Caldas',NULL,'1','2015-05-14 14:27:40','2015-05-20 14:20:18'),(23,0,0,'PortalEstu','Portal del Estudiante',NULL,'1','2015-05-14 14:27:54','2015-05-14 14:27:54'),(24,24,15,'PSE CALDAS','Pagos en linea Instituto caldas',NULL,'1','2015-05-14 14:28:06','2015-05-25 20:32:22'),(25,5,5,'Reservitas','Reservitas',NULL,'1','2015-05-14 14:28:40','2015-05-20 19:48:55'),(26,0,0,'Sara','Sistema de Recursos Humanos',NULL,'1','2015-05-14 14:28:56','2015-05-14 14:28:56'),(27,24,11,'SEB','Sistema Emisión de Boletina',NULL,'3','2015-05-14 14:29:10','2015-06-02 21:15:56'),(28,24,18,'SIGA','Sistema de Gestión Académica',NULL,'1','2015-05-14 14:29:28','2015-06-16 20:34:26'),(29,24,12,'WorkFlow','WorkFlow',NULL,'1','2015-05-14 14:29:44','2015-05-20 19:25:59'),(30,0,0,'www','Página WEB UNAB',NULL,'1','2015-05-14 14:29:56','2015-05-14 14:29:56'),(31,22,22,'softInv','Inventario de Software',NULL,'1','2015-05-14 19:13:52','2015-05-14 19:13:52'),(32,24,14,'SARAWEB','Sistema WEB de Recursos Humanos',NULL,'1','2015-05-14 21:59:44','2015-05-14 21:59:44'),(33,24,15,'SNIES','SNIES',NULL,'1','2015-05-20 19:03:48','2015-05-25 19:39:55'),(34,24,15,'NewHotel','Hostal NewHotel',NULL,'1','2015-05-20 19:05:13','2015-05-20 19:05:13'),(35,24,15,'SVE','Suite Visión Empreasarial',NULL,'1','2015-05-20 19:06:16','2015-06-18 16:53:10'),(36,24,5,'Elecciones','Elecciones',NULL,'1','2015-05-20 20:02:38','2015-05-20 20:02:38'),(37,24,15,'SPADIES','SPADIES',NULL,'1','2015-05-25 20:22:59','2015-05-25 20:22:59'),(38,24,11,'QR','Salones QR',NULL,'1','2015-05-27 20:10:07','2015-05-27 20:10:07'),(39,24,11,'SIPL','Sistema de inventario de Laboratorios',NULL,'1','2015-05-27 20:11:46','2015-06-02 21:43:03'),(40,8,8,'Gmail','Gestión de Gmail',NULL,'1','2015-06-23 13:46:14','2015-06-23 16:44:17'),(41,24,5,'SSB Banner','Autoservicio de Estudiantes (Banner)',NULL,'1','2015-06-23 16:23:00','2015-06-23 16:23:00'),(42,0,0,'Usuario Unab','UsuarioUnab',NULL,'1','2015-06-23 19:10:06','2015-06-23 19:10:06'),(43,18,18,'PENTAHO Inteligencia de Negocios','PENTAHO',NULL,'2','2015-06-24 12:56:08','2015-06-24 12:57:07'),(44,22,22,'SIS','Sistema Integrado de Solicitudes',NULL,'1','2015-06-30 14:41:30','2015-06-30 14:41:30'),(45,26,15,'TOPSERVE','TOPSERVE',NULL,'2','2015-07-21 13:10:10','2015-07-21 13:10:10'),(46,26,15,'IGB','Indicadores de Gestion Banner',NULL,'2','2015-08-03 16:28:47','2015-08-03 16:28:47'),(47,26,11,'RedUniv','RedUniversitaria',NULL,'1','2015-08-14 19:13:51','2015-08-14 19:13:51');

#
# Structure for table "capacidades"
#

DROP TABLE IF EXISTS `capacidades`;
CREATE TABLE `capacidades` (
  `id` int(11) unsigned NOT NULL AUTO_INCREMENT,
  `nombre` varchar(255) COLLATE utf8_unicode_ci NOT NULL,
  `created_at` timestamp NOT NULL DEFAULT '0000-00-00 00:00:00',
  `updated_at` timestamp NOT NULL DEFAULT '0000-00-00 00:00:00',
  PRIMARY KEY (`id`)
) ENGINE=InnoDB AUTO_INCREMENT=2 DEFAULT CHARSET=utf8 COLLATE=utf8_unicode_ci;

#
# Data for table "capacidades"
#

INSERT INTO `capacidades` VALUES (1,'Creación de producto','2015-08-18 21:50:41','2015-08-18 21:50:41');

#
# Structure for table "capacidadesespecificas"
#

DROP TABLE IF EXISTS `capacidadesespecificas`;
CREATE TABLE `capacidadesespecificas` (
  `id` int(10) unsigned NOT NULL AUTO_INCREMENT,
  `capacidad_id` int(11) unsigned DEFAULT NULL,
  `nombre` varchar(255) COLLATE utf8_unicode_ci NOT NULL,
  `nivel` int(11) DEFAULT NULL,
  `created_at` timestamp NOT NULL DEFAULT '0000-00-00 00:00:00',
  `updated_at` timestamp NOT NULL DEFAULT '0000-00-00 00:00:00',
  PRIMARY KEY (`id`),
  KEY `fk_capacidades_main_idx` (`capacidad_id`),
  CONSTRAINT `fk_capacidades_main` FOREIGN KEY (`capacidad_id`) REFERENCES `capacidades` (`id`) ON DELETE CASCADE ON UPDATE CASCADE
) ENGINE=InnoDB AUTO_INCREMENT=2 DEFAULT CHARSET=utf8 COLLATE=utf8_unicode_ci;

#
# Data for table "capacidadesespecificas"
#

INSERT INTO `capacidadesespecificas` VALUES (1,1,'Nuevos programas',1,'2015-08-18 21:51:01','2015-08-18 21:51:01');

#
# Structure for table "capacidades_aplicaciones"
#

DROP TABLE IF EXISTS `capacidades_aplicaciones`;
CREATE TABLE `capacidades_aplicaciones` (
  `Id` int(11) NOT NULL AUTO_INCREMENT,
  `capacidades_id` int(11) unsigned DEFAULT NULL,
  `aplicacion_id` int(11) unsigned DEFAULT NULL,
  `nivel` int(11) DEFAULT NULL,
  `created_at` timestamp NULL DEFAULT NULL,
  `updated_at` timestamp NULL DEFAULT NULL,
  PRIMARY KEY (`Id`),
  KEY `fk_cap_aplica_capa_idx` (`capacidades_id`),
  KEY `fk_cap_apps_idx` (`aplicacion_id`),
  CONSTRAINT `fk_cap_aplica_capa` FOREIGN KEY (`capacidades_id`) REFERENCES `capacidadesespecificas` (`id`) ON DELETE CASCADE ON UPDATE CASCADE,
  CONSTRAINT `fk_cap_apps` FOREIGN KEY (`aplicacion_id`) REFERENCES `aplicaciones` (`id`) ON DELETE CASCADE ON UPDATE CASCADE
) ENGINE=InnoDB AUTO_INCREMENT=2 DEFAULT CHARSET=latin1;

#
# Data for table "capacidades_aplicaciones"
#

INSERT INTO `capacidades_aplicaciones` VALUES (1,1,8,1,NULL,NULL);

#
# Structure for table "configuraciones"
#

DROP TABLE IF EXISTS `configuraciones`;
CREATE TABLE `configuraciones` (
  `id` int(10) unsigned NOT NULL AUTO_INCREMENT,
  `aplicacion_id` int(10) unsigned DEFAULT NULL,
  `servidor` varchar(255) COLLATE utf8_unicode_ci NOT NULL,
  `ip` varchar(255) COLLATE utf8_unicode_ci NOT NULL,
  `so` varchar(255) CHARACTER SET utf8 NOT NULL DEFAULT '',
  `nota` varchar(2500) CHARACTER SET utf8 NOT NULL DEFAULT '.',
  `created_at` datetime NOT NULL,
  `updated_at` datetime NOT NULL,
  PRIMARY KEY (`id`),
  KEY `configuraciones_aplicacion_id_foreign` (`aplicacion_id`),
  CONSTRAINT `configuraciones_aplicacion_id_foreign` FOREIGN KEY (`aplicacion_id`) REFERENCES `aplicaciones` (`id`) ON DELETE CASCADE
) ENGINE=InnoDB AUTO_INCREMENT=2 DEFAULT CHARSET=utf8 COLLATE=utf8_unicode_ci;

#
# Data for table "configuraciones"
#

INSERT INTO `configuraciones` VALUES (1,8,'local','127.0.0.1','linux','<p>nota general del<b> servidor</b></p>','0000-00-00 00:00:00','2015-08-13 20:30:30');

#
# Structure for table "configuraciones_aplicaciones"
#

DROP TABLE IF EXISTS `configuraciones_aplicaciones`;
CREATE TABLE `configuraciones_aplicaciones` (
  `Id` int(11) NOT NULL AUTO_INCREMENT,
  `aplicacion_id` int(11) unsigned DEFAULT NULL,
  `configuracion_id` int(11) unsigned DEFAULT NULL,
  PRIMARY KEY (`Id`)
) ENGINE=InnoDB AUTO_INCREMENT=14 DEFAULT CHARSET=utf8;

#
# Data for table "configuraciones_aplicaciones"
#

INSERT INTO `configuraciones_aplicaciones` VALUES (13,8,1);

#
# Structure for table "funcionales"
#

DROP TABLE IF EXISTS `funcionales`;
CREATE TABLE `funcionales` (
  `id` int(10) unsigned NOT NULL AUTO_INCREMENT,
  `nombres` varchar(255) COLLATE utf8_unicode_ci NOT NULL,
  `apellidos` varchar(255) COLLATE utf8_unicode_ci NOT NULL,
  `correo` varchar(255) COLLATE utf8_unicode_ci NOT NULL,
  `telefono` varchar(255) COLLATE utf8_unicode_ci NOT NULL,
  `extension` varchar(255) COLLATE utf8_unicode_ci NOT NULL,
  `created_at` datetime NOT NULL,
  `updated_at` datetime NOT NULL,
  PRIMARY KEY (`id`)
) ENGINE=InnoDB AUTO_INCREMENT=50 DEFAULT CHARSET=utf8 COLLATE=utf8_unicode_ci;

#
# Data for table "funcionales"
#

INSERT INTO `funcionales` VALUES (3,'Liliana','Martinez Porras','','','','2015-05-14 16:02:02','2015-05-14 16:02:02'),(5,'Laura Maritza','Cordero Moreno','lcordero@unab.edu.co','','125','2015-05-14 21:55:19','2015-05-14 21:55:19'),(6,'Javier','Picón Merchán','jpiconme@unab.edu.co','','359','2015-05-14 21:56:39','2015-05-14 21:56:39'),(7,'Maria Teresa','Velasco','mvelasco3@unab.edu.co','','159','2015-05-14 22:03:34','2015-05-14 22:03:34'),(8,'Stephany','Cañas Afanador','scanas@unab.edu.co','','124','2015-05-14 22:05:25','2015-05-14 22:05:25'),(9,'Liliana','Martinez Porras','rmartinp','','657','2015-05-14 22:07:13','2015-05-14 22:07:13'),(10,'Karen Patricia','Vasquez Lopez','kvasquez2@unab.edu.co','64361111','229-327','2015-05-15 16:25:30','2015-05-15 16:25:30'),(11,'Julian','Vega Rojas','jvegaroj@unab.edu.co','6431143','714','2015-05-20 14:25:18','2015-05-20 14:25:18'),(12,'Sergio Enrique','Molina Velandia','smolina@unab.edu.co','','172','2015-05-20 19:24:49','2015-05-20 19:24:49'),(13,'Borys Efren','Arroyo Florez','barroyo@unab.edu.co','','366 - 336','2015-05-20 19:32:25','2015-05-20 19:34:25'),(14,'Gloria','Galvis Valderrama','ggalvis36@unab.edu.co','','458','2015-05-20 19:33:38','2015-05-20 19:33:38'),(15,'Ruben Dario','Perez','rdariope','','312','2015-05-20 19:51:28','2015-05-20 19:51:28'),(16,'karina Marcela','Guarín Ardila','kguarin2@unab.edu.co','6436111','611','2015-05-25 20:01:42','2015-05-25 20:01:42'),(17,'Ana Dilcy','Ariza','aariza@unab.edu.co','6436111','128','2015-05-25 20:07:22','2015-05-25 20:07:22'),(18,'Yelixa','Badillo','ybadillo@unab.edu.co','6436111','109','2015-05-25 20:08:09','2015-05-25 20:08:09'),(19,'Elio Alberto','Ortiz Gomez','eortiz8@unab.edu.co','64361111','126','2015-05-25 20:58:05','2015-05-25 20:58:05'),(20,'Celfire','Arambula','carambula@unab.edu.co','6436111','132','2015-05-25 21:09:52','2015-05-25 21:09:52'),(21,'Dayani Marcela','Galvis','dgalvis11@unab.edu.co','6436111','305','2015-05-25 21:12:37','2015-05-25 21:12:37'),(22,'Luz Stella','Duarte','lduarte2@unab.edu.co','6436111','127','2015-05-25 21:14:03','2015-05-25 21:14:03'),(23,'Omaira','Rey','orey2@unab.edu.co','6436111','120','2015-05-25 21:24:27','2015-05-25 21:24:27'),(24,'Adiela Margarita','Arroyo','aarroyo3@unab.edu.co','6436111','138','2015-05-25 21:25:14','2015-05-25 21:25:14'),(25,'Fanny','Carreño','fcarreno@unab.edu.co','6436111','268','2015-05-25 21:28:45','2015-05-25 21:28:45'),(26,'Juan Carlos','Acuña Gutierrez','jacuna@unab.edu.co','','188','2015-05-26 14:07:19','2015-05-26 14:07:40'),(27,'Olga Patricia','Rios Cardenas','orios@unab.edu.co','','189','2015-05-26 14:08:20','2015-05-26 14:08:20'),(28,'Luz Yaqueline','Hernandez Castañeda','lhernandez28@unab.edu.co','','394','2015-05-26 22:48:36','2015-05-26 22:48:36'),(29,'Marcela','Peralta Bautista','mperalta@unab.edu.co','','632','2015-05-26 22:49:11','2015-05-26 22:49:11'),(30,'Claudia','Salazar Jaimes','csalaza2@unab.edu.co','6436111','716','2015-05-27 15:10:14','2015-05-27 15:10:14'),(31,'Freddy','Quitian Fino','fquitian@unab.edu.co','6436111','208','2015-05-27 15:13:12','2015-05-27 15:13:12'),(32,'Giovanni Jose','Ayala','gayala@unab.edu.co','6436111','262','2015-06-02 21:29:05','2015-06-02 21:29:05'),(33,'Lina','Bustamante','lbustamante@unab.edu.co','6436111','','2015-06-02 21:30:40','2015-06-02 21:30:40'),(34,'Hernando','Gonzalez Acevedo','hgonzalez7@unab.edu.co','6436111','298','2015-06-02 21:42:30','2015-06-02 21:42:30'),(35,'No Aplica','-','-','0','0','2015-06-02 21:50:21','2015-06-02 21:50:21'),(36,'Martha Yolanda','Dietes Luna','mdietes@unab.edu.co','6436111','411','2015-06-03 14:25:21','2015-06-03 14:25:21'),(37,'Karol Dalila','Reyes','kreyes@unab.edu.co','6436111','421','2015-06-03 14:42:03','2015-06-03 14:42:03'),(38,'Carlos','Niño','cnino4@unab.edu.co','6436111','','2015-06-03 19:44:34','2015-06-03 19:44:48'),(39,'Claudia Matilde','Franco Ramirez','cfranco2@unab.edu.co','76436111','294','2015-06-04 15:43:29','2015-06-04 15:43:29'),(40,'Nimia','Arias','narias@unab.edu.co','6436111','227','2015-06-04 16:00:48','2015-06-04 16:00:48'),(41,'María Fernanda','Leiva Vallejo','mleiva@unab.edu.co','6436111','651','2015-06-04 16:05:04','2015-06-04 16:05:04'),(42,'Flor Angel','Eslava Bueno','feslava@unab.edu.co','64361111','717','2015-06-04 16:12:02','2015-06-04 16:12:02'),(43,'Zuleima Eliana','Portilla Villamizar','zportilla@unab.edu.co','6436111','271','2015-06-04 16:19:23','2015-06-04 16:19:23'),(44,'Luz Adriana','Villafrade  Monroy','lvillafrade2@unab.edu.co','6436111','107','2015-06-11 19:12:13','2015-06-11 19:12:13'),(45,'Dabeiba','Torres','dtorres8@unab.edu.co','','207','2015-06-16 16:24:13','2015-06-16 16:24:13'),(46,'Miguel','Cadena','mcadena@unab.edu.co','6436111','203','2015-06-16 19:24:36','2015-06-16 19:24:36'),(47,'Sandra','Sanguino','ssanguin','','','2015-06-16 19:29:38','2015-06-16 19:29:38'),(48,'Ana  Lucia','Zabala Rodriguez','azabala@unab.edu.co','6436111','257','2015-06-19 15:59:09','2015-06-19 15:59:09'),(49,'Adriana María','Martínez  Arías','amartinez18@unab.edu.co','64361111','360','2015-06-19 16:05:00','2015-06-19 16:05:00');

#
# Structure for table "ingenieros"
#

DROP TABLE IF EXISTS `ingenieros`;
CREATE TABLE `ingenieros` (
  `id` int(10) unsigned NOT NULL AUTO_INCREMENT,
  `nombres` varchar(255) COLLATE utf8_unicode_ci NOT NULL,
  `apellidos` varchar(255) COLLATE utf8_unicode_ci NOT NULL,
  `correo` varchar(255) COLLATE utf8_unicode_ci NOT NULL,
  `telefono` varchar(255) COLLATE utf8_unicode_ci NOT NULL,
  `celular` varchar(255) COLLATE utf8_unicode_ci NOT NULL,
  `extension` varchar(255) COLLATE utf8_unicode_ci NOT NULL,
  `trabajasi` tinyint(1) NOT NULL,
  `trabajati` tinyint(1) NOT NULL,
  `dba` tinyint(1) NOT NULL,
  `tecserv` tinyint(1) NOT NULL,
  `created_at` datetime NOT NULL,
  `updated_at` datetime NOT NULL,
  PRIMARY KEY (`id`)
) ENGINE=InnoDB AUTO_INCREMENT=27 DEFAULT CHARSET=utf8 COLLATE=utf8_unicode_ci;

#
# Data for table "ingenieros"
#

INSERT INTO `ingenieros` VALUES (1,'Administrador','Admin','admin','-','-','-',1,1,1,1,'0000-00-00 00:00:00','0000-00-00 00:00:00'),(5,'Alexander','Guerrero Avendaño','aguerrero6@unab.edu.co','6436111','','447',1,1,0,0,'2015-05-14 14:08:55','2015-05-20 19:47:48'),(7,'Camilo Ernesto','Rodriguez Moreno','crodrig','6436111','','216',1,1,0,0,'2015-05-14 14:10:14','2015-05-14 14:10:14'),(8,'Diana Milena','Tarazona Duran','diana.tarazona','6436111','','262',1,1,0,0,'2015-05-14 14:10:49','2015-05-14 14:10:49'),(9,'Diego Fernando','Rangel Caceres','drangel','6436111','3163591241','194',1,1,0,0,'2015-05-14 14:11:18','2015-05-14 19:47:20'),(11,'Hernan Dario','Cruz Bueno','hcruz2@unab.edu.co','6436111','','172',1,1,0,0,'2015-05-14 14:12:12','2015-05-15 21:31:43'),(12,'Hermes Fabian','Navarro Ovalle','hnavarro@unab.edu.co','6436111','','216',1,1,0,0,'2015-05-14 14:12:42','2015-05-15 22:10:53'),(13,'Herman Guillermo','Garcia Galindo','hgarciag','6436111','','429',1,1,0,0,'2015-05-14 14:13:20','2015-05-14 14:13:20'),(14,'John Albeiro','Arevalo Tarazona','jarevalo634','6436111','','186',1,1,0,0,'2015-05-14 14:13:49','2015-05-14 14:13:49'),(15,'Juan Carlos','Camargo Sanchez','jcamargo9','6436111','3132514603','611',1,1,0,0,'2015-05-14 14:14:11','2015-05-20 19:02:23'),(16,'Julian David','Nieto Cortes','jnieto643','6436111','','611',1,1,0,0,'2015-05-14 14:14:36','2015-05-14 14:14:36'),(17,'Karen Patricia','Vasquez Lopez','kvazquez2','6436111','','229',0,0,0,0,'2015-05-14 14:15:05','2015-05-14 14:15:05'),(18,'Manuel Alexander','Garcia Martinez','mgarcia807','6436111','','172',1,1,0,0,'2015-05-14 14:15:31','2015-05-14 14:15:31'),(19,'Martinez Porras','Liliana','rmartinp','6436111','','657',1,1,0,0,'2015-05-14 14:15:58','2015-05-14 14:15:58'),(20,'Silvio Rafael','Cuello de Avila','scuellod','6436111','3006810756','185',1,1,0,0,'2015-05-14 14:16:26','2015-05-14 14:16:26'),(21,'Sergio Enrique','Molina Velandia','smolina','6436111','','172',1,1,0,0,'2015-05-14 14:16:49','2015-05-14 14:16:49'),(22,'Josue','Barrios Rodriguez','jbarrios','6436111','3043664783','172',1,0,0,0,'2015-05-14 14:17:22','2015-05-14 14:17:22'),(26,'Nes Aleysi','Guerrero Guerrero','nguerrer@unab.edu.co','','','612',0,1,0,0,'2015-06-16 16:32:29','2015-06-16 16:32:29');

#
# Structure for table "log_aplicaciones"
#

DROP TABLE IF EXISTS `log_aplicaciones`;
CREATE TABLE `log_aplicaciones` (
  `Id` int(11) NOT NULL AUTO_INCREMENT,
  `aplicacion_id` int(10) unsigned DEFAULT '0',
  `nivel` varchar(1) DEFAULT '0',
  `mensaje_publico` varchar(2000) DEFAULT NULL,
  `mensaje_privado` varchar(2000) DEFAULT NULL,
  `fecha_evento` datetime DEFAULT NULL,
  `fecha_resolucion` datetime DEFAULT NULL,
  `created_at` datetime DEFAULT NULL,
  `updated_at` datetime DEFAULT NULL,
  PRIMARY KEY (`Id`)
) ENGINE=InnoDB AUTO_INCREMENT=232 DEFAULT CHARSET=utf8;

#
# Data for table "log_aplicaciones"
#

INSERT INTO `log_aplicaciones` VALUES (1,8,'1','mensaje publico','mensaje privado','2015-09-09 08:00:00','2015-09-09 15:00:00',NULL,NULL),(2,8,'2','mensaje public 2','mensaje privado 2','2015-09-07 15:30:00','2015-09-07 17:00:00',NULL,NULL),(224,8,'2','Mensaje publico','Mensaje privado','2015-09-10 06:00:00','2015-09-10 23:59:59','2015-09-09 13:35:19','2015-09-09 13:35:19'),(225,8,'2','Mensaje publico','Mensaje privado','2015-09-11 06:00:00','2015-09-11 23:59:59','2015-09-09 13:35:19','2015-09-09 13:35:19'),(226,8,'2','Mensaje publico','Mensaje privado','2015-09-09 06:00:00','2015-09-09 23:59:59','2015-09-09 13:35:19','2015-09-09 13:35:19'),(227,8,'2','Mensaje publico','Mensaje privado','2015-09-14 06:00:00','2015-09-14 23:59:59','2015-09-09 13:35:19','2015-09-09 13:35:19'),(228,8,'2','Mensaje publico','Mensaje privado','2015-09-12 06:00:00','2015-09-12 23:59:59','2015-09-09 13:35:19','2015-09-09 13:35:19'),(229,8,'2','Mensaje publico','Mensaje privado','2015-09-13 06:00:00','2015-09-13 23:59:59','2015-09-09 13:35:19','2015-09-09 13:35:19'),(230,8,'2','Mensaje publico','Mensaje privado','2015-09-15 06:00:00','2015-09-15 23:59:59','2015-09-09 13:35:19','2015-09-09 13:35:19'),(231,8,'2','Mensaje publico','Mensaje privado','2015-09-16 06:00:00','2015-09-16 23:59:59','2015-09-09 13:35:19','2015-09-09 13:35:19');

#
# Structure for table "migrations"
#

DROP TABLE IF EXISTS `migrations`;
CREATE TABLE `migrations` (
  `migration` varchar(255) COLLATE utf8_unicode_ci NOT NULL,
  `batch` int(11) NOT NULL
) ENGINE=InnoDB DEFAULT CHARSET=utf8 COLLATE=utf8_unicode_ci;

#
# Data for table "migrations"
#


#
# Structure for table "modulos"
#

DROP TABLE IF EXISTS `modulos`;
CREATE TABLE `modulos` (
  `id` int(10) unsigned NOT NULL AUTO_INCREMENT,
  `aplicacion_id` int(10) unsigned NOT NULL,
  `nombre_modulo` varchar(255) COLLATE utf8_unicode_ci NOT NULL,
  `formularios` int(11) NOT NULL,
  `procesos` int(11) NOT NULL,
  `reportes` int(11) NOT NULL,
  `tablas` int(11) NOT NULL,
  `estado` varchar(255) COLLATE utf8_unicode_ci NOT NULL,
  `tipomodulo` varchar(255) COLLATE utf8_unicode_ci NOT NULL,
  `created_at` datetime NOT NULL,
  `updated_at` datetime NOT NULL,
  PRIMARY KEY (`id`),
  KEY `modulos_aplicacion_id_foreign` (`aplicacion_id`),
  CONSTRAINT `modulos_aplicacion_id_foreign` FOREIGN KEY (`aplicacion_id`) REFERENCES `aplicaciones` (`id`) ON DELETE CASCADE
) ENGINE=InnoDB AUTO_INCREMENT=272 DEFAULT CHARSET=utf8 COLLATE=utf8_unicode_ci;

#
# Data for table "modulos"
#

INSERT INTO `modulos` VALUES (8,8,'Proyección de cursos',10,2,0,0,'2','1','2015-05-14 14:32:54','2015-05-20 19:28:03'),(10,8,'Inscripción por bloques',4,3,0,0,'1','1','2015-05-14 14:32:54','2015-05-20 19:29:57'),(11,8,'Inscripciones',2,0,3,0,'1','1','2015-05-14 14:32:54','2015-05-20 19:34:56'),(12,8,'Historia Académica',5,10,5,0,'1','1','2015-05-14 14:32:54','2015-05-20 19:35:58'),(13,8,'General de personas',2,0,0,0,'1','1','2015-05-14 14:32:54','2015-05-20 19:36:54'),(14,8,'Evaluación de docentes',20,4,10,0,'1','1','2015-05-14 14:32:54','2015-05-20 19:39:49'),(16,8,'Control de Acceso',2,0,0,0,'1','1','2015-05-14 14:32:54','2015-05-20 19:41:47'),(17,8,'Carga docente',0,0,0,0,'1','1','2015-05-14 14:32:54','2015-05-14 14:55:14'),(18,8,'Horario de clases',5,0,3,0,'1','1','2015-05-14 14:32:54','2015-05-20 19:41:17'),(19,8,'CAPP',40,7,20,0,'1','1','2015-05-14 14:32:54','2015-05-20 19:26:46'),(20,8,'Reclutamiento',0,0,0,0,'5','1','2015-05-14 14:32:54','2015-05-20 19:47:10'),(21,8,'Alojamiento y comida',0,0,0,0,'5','1','2015-05-14 14:32:54','2015-05-14 14:45:56'),(22,8,'Administración de alumnos',2,0,2,0,'1','1','2015-05-14 14:32:54','2015-05-20 19:44:03'),(23,8,'Admisiones',5,0,3,0,'1','1','2015-05-14 14:32:54','2015-05-20 19:44:51'),(24,8,'Administración de planta física',0,0,0,0,'','1','2015-05-14 14:32:54','2015-05-14 14:32:54'),(25,8,'Catalogo de Cursos',6,0,4,0,'1','1','2015-05-14 14:32:54','2015-05-20 19:45:40'),(26,8,'Solicitud de servicios',0,0,0,0,'5','1','2015-05-14 14:32:54','2015-06-16 16:30:23'),(27,9,'Libro Mayor',0,0,0,0,'1','2','2015-05-14 14:57:07','2015-05-14 14:57:07'),(28,9,'NIIF',0,0,0,0,'2','2','2015-05-14 14:32:54','2015-05-14 15:05:02'),(29,9,'Operaciones de finanzas',0,0,0,0,'1','2','2015-05-14 14:32:54','2015-05-14 15:05:08'),(30,9,'Contabilidad de investigaciones',0,0,0,0,'6','2','2015-05-14 14:32:54','2015-05-14 15:05:18'),(31,9,'Inventario y almacen',0,0,0,0,'1','2','2015-05-14 14:32:54','2015-05-14 15:06:31'),(32,9,'Administración de dotación',0,0,0,0,'6','2','2015-05-14 14:32:54','2015-05-20 19:13:34'),(33,9,'Contabilidad de costos',0,0,0,0,'6','2','2015-05-14 14:32:54','2015-05-14 15:06:49'),(34,9,'Compras y Abastecimiento',0,0,0,0,'1','2','2015-05-14 14:32:54','2015-05-14 15:06:58'),(35,9,'Ingresos y gastos diferidos',0,0,0,0,'6','2','2015-05-14 14:32:54','2015-05-20 19:12:55'),(36,9,'Cuentas por pagar',0,0,0,0,'1','2','2015-05-14 14:32:54','2015-05-14 15:07:16'),(37,9,'Control de puestos y presupuestos',0,0,0,0,'1','2','2015-05-14 14:32:54','2015-05-14 15:07:22'),(38,9,'Retención de impuestos',0,0,0,0,'1','2','2015-05-14 14:32:54','2015-05-20 19:18:24'),(39,9,'Reportes financieros',0,0,0,0,'6','2','2015-05-14 14:32:54','2015-05-14 15:07:41'),(46,9,'Activo fijo',0,0,0,0,'1','2','2015-05-14 15:06:03','2015-05-14 15:06:03'),(47,10,'Seguridad de Banner',0,0,0,0,'1','1','2015-05-14 15:31:32','2015-05-14 15:31:32'),(48,10,'Actualización masiva de datos',0,0,0,0,'6','1','2015-05-14 15:31:49','2015-05-14 15:31:49'),(49,10,'Funciones del sistema',0,0,0,0,'1','1','2015-05-14 15:32:08','2015-05-14 15:32:08'),(50,10,'Generación de cartas',0,0,0,0,'5','1','2015-05-14 15:32:25','2015-05-14 15:32:25'),(51,10,'Envio de trabajos',0,0,0,0,'6','1','2015-05-14 15:32:41','2015-05-14 15:32:41'),(52,10,'Reglas de negocio',0,0,0,0,'6','1','2015-05-14 15:32:57','2015-05-14 15:32:57'),(53,10,'Selección de población',0,0,0,0,'1','1','2015-05-14 15:33:15','2015-05-14 15:33:15'),(54,10,'Administración de eventos',0,0,0,0,'1','1','2015-05-14 15:33:29','2015-05-14 15:33:29'),(55,10,'Administración internacional',0,0,0,0,'6','1','2015-05-14 15:35:20','2015-05-14 15:35:20'),(56,10,'Administración de WEB General',0,0,0,0,'1','1','2015-05-14 15:36:42','2015-05-14 15:36:42'),(57,11,'Academic Search Complete',0,0,0,0,'1','2','2015-05-14 15:39:09','2015-06-02 22:07:16'),(58,11,'Acess Engineering',0,0,0,0,'','2','2015-05-14 14:32:54','2015-05-14 14:32:54'),(59,11,'Education Research Complete',0,0,0,0,'','2','2015-05-14 14:32:54','2015-05-14 14:32:54'),(60,11,'IEEE',0,0,0,0,'','2','2015-05-14 14:32:54','2015-05-14 14:32:54'),(61,11,'Zentralblatt MATH',0,0,0,0,'','2','2015-05-14 14:32:54','2015-05-14 14:32:54'),(62,11,'Ambientalex.info',0,0,0,0,'1','2','2015-05-14 14:32:54','2015-06-16 19:43:04'),(63,11,'Fuente Académica Premier',0,0,0,0,'','2','2015-05-14 14:32:54','2015-05-14 14:32:54'),(64,11,'Fuente Académica',0,0,0,0,'','2','2015-05-14 14:32:54','2015-05-14 14:32:54'),(65,11,'ACCESS MEDICINE',0,0,0,0,'','2','2015-05-14 14:32:54','2015-05-14 14:32:54'),(66,11,'Academic Search Premier',0,0,0,0,'1','2','2015-05-14 14:32:54','2015-06-16 19:42:44'),(67,11,'GreenFILE',0,0,0,0,'1','2','2015-05-14 14:32:54','2015-06-16 19:42:58'),(68,11,'Biblioteca Virtual GALE',0,0,0,0,'','2','2015-05-14 14:32:54','2015-05-14 14:32:54'),(69,11,'Business Source Complete',0,0,0,0,'','2','2015-05-14 14:32:54','2015-05-14 14:32:54'),(70,11,'Business Source Premier',0,0,0,0,'','2','2015-05-14 14:32:54','2015-05-14 14:32:54'),(71,11,'Biblioteca Virtual Pearson',0,0,0,0,'','2','2015-05-14 14:32:54','2015-05-14 14:32:54'),(72,11,'Clinical Key',0,0,0,0,'','2','2015-05-14 14:32:54','2015-05-14 14:32:54'),(73,11,'Communication & Mass Media Complete',0,0,0,0,'1','2','2015-05-14 14:32:54','2015-06-16 19:42:14'),(74,11,'Biblioteca Digital Hispánica',0,0,0,0,'7','2','2015-05-14 14:32:54','2015-06-03 13:56:04'),(75,11,'Biblioteca virtual Luis Ángel Arango',0,0,0,0,'7','2','2015-05-14 14:32:54','2015-06-03 14:19:35'),(76,11,'Enfermería al Día',0,0,0,0,'1','2','2015-05-14 14:32:54','2015-06-16 19:41:59'),(77,11,'Biblioteca Virtual Cengage',0,0,0,0,'','2','2015-05-14 14:32:54','2015-05-14 14:32:54'),(78,11,'Biblioteca Digital Mundial',0,0,0,0,'7','2','2015-05-14 14:32:54','2015-06-03 14:18:49'),(79,11,'Descriptor',0,0,0,0,'','2','2015-05-14 14:32:54','2015-05-14 14:32:54'),(80,11,'Digitalia',0,0,0,0,'','2','2015-05-14 14:32:54','2015-05-14 14:32:54'),(81,11,'Business Searching Interface',0,0,0,0,'','2','2015-05-14 14:32:54','2015-05-14 14:32:54'),(82,11,'E-Libro',0,0,0,0,'1','2','2015-05-14 14:32:54','2015-06-16 19:41:12'),(83,11,'Biblioteca virtual Miguel de Cervantes',0,0,0,0,'7','2','2015-05-14 14:32:54','2015-06-03 14:17:15'),(84,11,'Revista VIRTUALPRO',0,0,0,0,'','2','2015-05-14 14:32:54','2015-05-14 14:32:54'),(85,11,'MasterFILE Premier',0,0,0,0,'1','2','2015-05-14 14:32:54','2015-06-16 19:41:40'),(86,11,'McGraw-Hill',0,0,0,0,'7','2','2015-05-14 14:32:54','2015-06-02 22:20:44'),(87,11,'MEDLINE with Full Text',0,0,0,0,'1','2','2015-05-14 14:32:54','2015-06-16 19:40:57'),(88,11,'OVID',0,0,0,0,'','2','2015-05-14 14:32:54','2015-05-14 14:32:54'),(89,11,'Newspaper Source',0,0,0,0,'1','2','2015-05-14 14:32:54','2015-06-16 19:40:28'),(90,11,'Normas Técnicas Icontec',0,0,0,0,'7','2','2015-05-14 14:32:54','2015-06-03 13:14:58'),(91,11,'Noticiero Oficial',0,0,0,0,'1','2','2015-05-14 14:32:54','2015-06-16 19:40:10'),(92,11,'NotiNET',0,0,0,0,'1','2','2015-05-14 14:32:54','2015-06-11 13:10:48'),(93,11,'Library, Information Science & Technology Abstracts',0,0,0,0,'1','2','2015-05-14 14:32:54','2015-06-16 19:39:43'),(94,11,'Portal de Justicia',0,0,0,0,'1','2','2015-05-14 14:32:54','2015-06-16 19:39:22'),(95,11,'Multi Legis',0,0,0,0,'','2','2015-05-14 14:32:54','2015-05-14 14:32:54'),(96,11,'Professional Development Collection',0,0,0,0,'1','2','2015-05-14 14:32:54','2015-06-16 19:39:01'),(97,11,'Regional Business News',0,0,0,0,'1','2','2015-05-14 14:32:54','2015-06-16 19:38:51'),(98,11,'Referencia Latina',0,0,0,0,'1','2','2015-05-14 14:32:54','2015-06-16 19:38:30'),(99,11,'ProQuest:',0,0,0,0,'1','2','2015-05-14 14:32:54','2015-06-16 19:38:20'),(100,11,'PsycARTICLES',0,0,0,0,'1','2','2015-05-14 14:32:54','2015-06-16 19:37:54'),(101,11,'Red de Revistas cientificas de América Latina y el Caribe',0,0,0,0,'1','2','2015-05-14 14:32:54','2015-06-16 19:37:44'),(102,11,'PsycBOOKS',0,0,0,0,'1','2','2015-05-14 14:32:54','2015-06-10 21:29:33'),(103,11,'Psychology and Behavioral Sciences Collection',0,0,0,0,'1','2','2015-05-14 14:32:54','2015-06-16 19:37:21'),(104,11,'Red de Bibliotecas virtuales de ciencias sociales',0,0,0,0,'1','2','2015-05-14 14:32:54','2015-06-16 19:37:07'),(105,11,'Passport',0,0,0,0,'1','2','2015-05-14 14:32:54','2015-06-16 19:34:35'),(106,11,'LEXBASE',0,0,0,0,'1','2','2015-05-14 14:32:54','2015-06-16 19:34:03'),(107,11,'STATdx',0,0,0,0,'1','2','2015-05-14 14:32:54','2015-06-10 21:29:13'),(108,11,'VLex',0,0,0,0,'1','2','2015-05-14 14:32:54','2015-06-16 19:33:57'),(109,11,'USMLEeasy',0,0,0,0,'1','2','2015-05-14 14:32:54','2015-06-16 19:33:25'),(110,11,'Legal Collection',0,0,0,0,'1','2','2015-05-14 14:32:54','2015-06-16 19:32:53'),(111,11,'Legis Gestion Humana',0,0,0,0,'1','2','2015-05-14 14:32:54','2015-06-10 21:28:55'),(112,11,'Legiscomex',0,0,0,0,'1','2','2015-05-14 14:32:54','2015-06-10 21:28:24'),(113,11,'Leyex.Info',0,0,0,0,'1','2','2015-05-14 14:32:54','2015-06-10 21:28:37'),(114,11,'Salud Leyex',0,0,0,0,'1','2','2015-05-14 14:32:54','2015-06-16 19:32:30'),(115,11,'UpToDate',0,0,0,0,'1','2','2015-05-14 14:32:54','2015-06-16 19:31:31'),(116,12,'Información de programas',0,0,0,0,'','2','2015-05-14 14:32:54','2015-05-14 14:32:54'),(117,12,'Información de Graduados',0,0,0,0,'','2','2015-05-14 14:32:54','2015-05-14 14:32:54'),(118,12,'Modulo de Grados',0,0,0,0,'','2','2015-05-14 14:32:54','2015-05-14 14:32:54'),(119,16,'Ellucian Mobile',0,0,0,0,'2','2','2015-05-14 15:48:28','2015-05-14 15:48:28'),(120,15,'Configuración del sistema',0,0,0,0,'','2','2015-05-14 14:32:54','2015-05-14 14:32:54'),(121,15,'Usuarios',0,0,0,0,'1','2','2015-05-14 14:32:54','2015-05-20 14:26:44'),(122,15,'Consultas',0,0,0,0,'1','2','2015-05-14 14:32:54','2015-05-20 14:27:01'),(123,15,'Impostaciones',0,0,0,0,'1','2','2015-05-14 14:32:54','2015-05-27 15:14:14'),(124,17,'Configuración sistema servidor',0,0,0,0,'1','1','2015-05-14 15:51:12','2015-05-15 21:33:28'),(125,17,'Recursos Digitales / Intranet',0,0,0,0,'1','1','2015-05-14 15:52:08','2015-05-15 21:33:20'),(126,19,'Gestión de recursos institucionales',0,0,0,0,'1','2','2015-05-14 14:32:54','2015-06-16 19:32:01'),(127,19,'Toma de asistencias horas libres',0,0,0,0,'1','2','2015-05-14 14:32:54','2015-06-16 19:32:08'),(128,19,'Gestión de Acreditación Institucional',0,0,0,0,'1','2','2015-05-14 14:32:54','2015-06-16 19:32:15'),(129,19,'Gestión de boletines Electrónicos',0,0,0,0,'1','2','2015-05-14 14:32:54','2015-06-16 19:32:21'),(131,19,'Gestión de cronogramas académicos',0,0,0,0,'1','2','2015-05-14 14:32:54','2015-06-16 19:32:27'),(132,19,'Gestión de admisiones',0,0,0,0,'1','2','2015-05-14 14:32:54','2015-06-16 19:32:31'),(133,19,'Gestión de registros calificados',0,0,0,0,'1','2','2015-05-14 14:32:54','2015-06-16 19:32:38'),(134,19,'Gestión de recursos digitales',0,0,0,0,'1','2','2015-05-14 14:32:54','2015-06-16 19:32:44'),(135,19,'Carnetización',0,0,0,0,'1','2','2015-05-14 14:32:54','2015-06-16 19:32:50'),(136,20,'Noticias',0,0,0,0,'','','2015-05-14 15:53:59','2015-05-14 15:53:59'),(137,21,'Circulación',0,0,0,0,'1','2','2015-05-14 14:32:54','2015-05-27 15:23:14'),(138,21,'Publicaciones periodicas',0,0,0,0,'1','2','2015-05-14 14:32:54','2015-05-27 15:22:56'),(139,21,'Listas',0,0,0,0,'1','2','2015-05-14 14:32:54','2015-06-16 20:30:23'),(140,21,'Socios',0,0,0,0,'1','2','2015-05-14 14:32:54','2015-05-20 22:04:15'),(141,21,'informes',0,0,0,0,'1','2','2015-05-14 14:32:54','2015-05-20 22:04:36'),(142,21,'Adquisiciones',0,0,0,0,'1','2','2015-05-14 14:32:54','2015-06-16 20:30:42'),(143,21,'Autoridades',0,0,0,0,'1','2','2015-05-14 14:32:54','2015-06-16 20:30:47'),(144,21,'Herramientas',0,0,0,0,'1','2','2015-05-14 14:32:54','2015-06-16 20:31:03'),(145,21,'Catalogación',0,0,0,0,'1','2','2015-05-14 14:32:54','2015-06-16 20:30:58'),(146,22,'Pagina WEB Caldas',0,0,0,0,'1','2','2015-05-14 15:55:55','2015-05-20 14:25:34'),(147,30,'Boletines Electrónicos',0,0,0,0,'1','2','2015-05-14 14:32:54','2015-06-16 19:27:49'),(148,30,'Café',0,0,0,0,'1','2','2015-05-14 14:32:54','2015-06-16 19:27:55'),(149,30,'Programas de Investigación',0,0,0,0,'1','2','2015-05-14 14:32:54','2015-06-16 19:28:01'),(150,30,'Programas de Extensión',0,0,0,0,'','2','2015-05-14 14:32:54','2015-05-14 14:32:54'),(151,30,'Programas académicos WEB',0,0,0,0,'1','2','2015-05-14 14:32:54','2015-06-16 19:30:09'),(152,30,'Unab Radio',0,0,0,0,'1','2','2015-05-14 14:32:54','2015-06-16 19:30:17'),(153,30,'Graduados',0,0,0,0,'','2','2015-05-14 14:32:54','2015-05-14 14:32:54'),(154,30,'Servicios y recursos',0,0,0,0,'1','2','2015-05-14 14:32:54','2015-06-04 16:02:55'),(155,30,'Guías de catedra',0,0,0,0,'1','2','2015-05-14 14:32:54','2015-06-04 16:02:28'),(156,30,'Trabaje con nosotros',0,0,0,0,'1','2','2015-05-14 14:32:54','2015-06-04 16:01:00'),(157,30,'Soy Autonomó TV',0,0,0,0,'1','2','2015-05-14 14:32:54','2015-06-16 19:30:58'),(158,30,'WEB para Admisiones',0,0,0,0,'1','2','2015-05-14 14:32:54','2015-06-16 19:31:04'),(159,30,'Cronogramas Académicos',0,0,0,0,'1','2','2015-05-14 14:32:54','2015-06-04 15:58:00'),(160,23,'Actualización de datos',0,0,0,0,'1','2','2015-05-14 14:32:54','2015-06-16 19:26:30'),(161,23,'Proceso de carnetización',0,0,0,0,'','2','2015-05-14 14:32:54','2015-05-14 14:32:54'),(162,23,'Información de cursos',0,0,0,0,'1','2','2015-05-14 14:32:54','2015-06-16 19:25:53'),(163,23,'Información de grados',0,0,0,0,'','2','2015-05-14 14:32:54','2015-05-14 14:32:54'),(164,23,'Información de horas libres',0,0,0,0,'1','2','2015-05-14 14:32:54','2015-06-16 19:26:09'),(165,23,'Información de Informática',0,0,0,0,'1','2','2015-05-14 14:32:54','2015-06-16 19:24:54'),(166,23,'Información de inscripción',0,0,0,0,'1','2','2015-05-14 14:32:54','2015-06-16 17:05:01'),(167,28,'Toma de asistencia',0,0,0,0,'1','2','2015-05-14 16:00:40','2015-05-15 16:23:09'),(168,28,'Administrador',0,0,0,0,'1','2','2015-05-14 16:00:50','2015-06-16 17:04:16'),(169,28,'Gestión de Riesgo',0,0,0,0,'','','2015-05-14 16:01:01','2015-05-14 16:01:01'),(170,29,'Proceso de Grados',0,0,0,0,'','','2015-05-14 16:01:25','2015-05-14 16:01:25'),(171,31,'Aplicaciones',5,0,1,7,'1','2','2015-05-14 19:14:33','2015-06-23 19:11:36'),(172,26,'Compensación',0,0,0,0,'1','1','2015-05-14 21:48:25','2015-05-14 21:48:25'),(173,26,'Actos Administrativos',0,0,0,0,'1','1','2015-05-14 21:49:07','2015-05-14 21:49:07'),(174,26,'Humano',0,0,0,0,'6','1','2015-05-14 21:49:52','2015-05-25 19:48:38'),(175,26,'SARCON',0,0,0,0,'1','1','2015-05-14 21:52:11','2015-05-14 21:52:11'),(176,26,'Reporteador',0,0,0,0,'1','1','2015-05-14 21:52:54','2015-05-14 21:52:54'),(177,26,'Encadena',0,0,0,0,'1','1','2015-05-14 21:53:50','2015-05-14 21:53:50'),(178,32,'Hoja de Vida',0,0,0,0,'1','2','2015-05-14 22:00:58','2015-05-14 22:00:58'),(179,32,'JornadaDocente',0,0,0,0,'6','2','2015-05-14 22:01:13','2015-05-25 19:45:16'),(180,32,'Salud Ocupacional',0,0,0,0,'1','2','2015-05-14 22:01:32','2015-05-14 22:01:32'),(181,32,'Talento Humano',0,0,0,0,'1','2','2015-05-14 22:01:53','2015-05-14 22:01:53'),(182,32,'SeguridadWeb',0,0,0,0,'1','2','2015-05-14 22:02:24','2015-05-14 22:02:24'),(183,7,'Modulo de reportes',0,0,0,0,'1','2','2015-05-20 16:48:23','2015-05-20 16:48:23'),(185,33,'Cargue Admitidos',1,1,1,6,'1','1','2015-05-20 19:38:20','2015-06-18 15:38:37'),(186,34,'NewHotel',1,1,1,0,'1','1','2015-05-20 19:44:53','2015-05-25 19:49:52'),(187,34,'NewStock',1,1,1,0,'1','1','2015-05-20 19:46:03','2015-05-25 19:54:36'),(188,25,'Reservitas',5,0,4,0,'1','2','2015-05-20 19:50:12','2015-05-20 19:50:12'),(189,8,'Certificados',4,0,2,0,'1','2','2015-05-20 19:55:57','2015-05-20 19:55:57'),(190,8,'Simulación de Horario',2,0,1,0,'1','2','2015-05-20 19:56:57','2015-05-20 19:56:57'),(191,36,'Administración',8,0,1,0,'1','1','2015-05-20 20:03:19','2015-05-20 20:03:19'),(192,36,'Comicios',3,0,0,0,'1','2','2015-05-20 20:04:12','2015-05-20 20:04:12'),(193,28,'Carga de Información',1,7,0,0,'1','2','2015-05-20 20:05:39','2015-05-20 20:05:39'),(194,14,'Calificaciones',0,0,0,0,'1','2','2015-05-20 22:15:28','2015-05-20 22:15:28'),(195,14,'Libro de Clase',0,0,0,0,'1','2','2015-05-20 22:16:18','2015-05-20 22:16:18'),(196,14,'Horario',0,0,0,0,'1','2','2015-05-20 22:17:33','2015-05-20 22:17:33'),(197,14,'Bienestar',0,0,0,0,'2','2','2015-05-20 22:18:09','2015-05-20 22:18:09'),(198,14,'Reportes',0,0,0,0,'1','2','2015-05-20 22:19:02','2015-05-20 22:19:02'),(199,14,'E-aprendizaje',0,0,0,0,'1','2','2015-05-20 22:19:22','2015-05-20 22:19:22'),(200,27,'Calificaciones',0,0,0,0,'3','2','2015-05-20 22:42:51','2015-05-20 22:42:51'),(201,27,'Reportes',0,0,0,0,'3','2','2015-05-20 22:44:53','2015-05-20 22:44:53'),(202,34,'NewPost',1,1,1,0,'1','1','2015-05-25 19:46:56','2015-05-25 19:46:56'),(203,35,'Procesos',1,1,1,0,'1','1','2015-05-25 19:58:14','2015-05-25 19:58:14'),(204,35,'Documentos',1,1,1,0,'1','1','2015-05-25 20:18:04','2015-05-25 20:18:04'),(206,24,'Cargue de Cartera y Usuarios',2,2,2,2,'1','2','2015-05-25 20:33:38','2015-06-18 16:49:22'),(207,24,'Registro de Pagos',1,1,1,2,'1','2','2015-05-25 20:35:01','2015-06-18 16:46:14'),(208,24,'E-Collect',1,1,1,1,'1','2','2015-05-25 20:36:20','2015-06-18 16:46:38'),(209,33,'Cargue Insrcritos',1,1,1,6,'1','1','2015-05-25 20:40:05','2015-06-18 15:39:05'),(210,33,'Cargue Matriculados',1,1,1,6,'1','1','2015-05-25 20:51:38','2015-06-18 15:39:31'),(211,33,'Cargue Unidades Organizacionales',1,1,1,4,'1','1','2015-05-25 20:53:32','2015-06-18 15:40:03'),(212,33,'Cargue Docentes',1,1,1,4,'1','1','2015-05-25 20:55:03','2015-06-18 15:41:20'),(213,21,'Multas',1,1,1,1,'1','1','2015-05-25 21:00:05','2015-05-25 21:00:05'),(214,35,'Indicadores',1,1,1,0,'1','1','2015-05-25 21:07:30','2015-05-25 21:07:30'),(215,35,'Mejoras',1,1,1,0,'2','1','2015-05-25 21:13:36','2015-06-19 21:11:12'),(216,9,'Recargo de matrícula',1,1,1,2,'1','2','2015-05-25 21:27:52','2015-05-25 21:27:52'),(217,9,'Interfaz contable',0,0,0,0,'1','2','2015-05-25 21:29:44','2015-05-25 21:29:44'),(218,9,'Transmision de archivos',0,0,0,0,'1','1','2015-05-25 21:30:32','2015-05-25 21:30:32'),(219,9,'Cuentas por cobrar - TZAFACT',0,0,0,0,'1','2','2015-05-25 21:32:18','2015-05-25 21:32:18'),(220,10,'Encuestas',0,0,0,0,'1','2','2015-05-26 14:04:53','2015-05-26 14:04:53'),(221,38,'Lector QR',0,0,0,0,'1','2','2015-05-27 20:10:37','2015-05-27 20:10:37'),(222,39,'Usuarios',0,0,0,0,'1','2','2015-05-27 20:21:26','2015-06-02 21:43:10'),(223,39,'Prestamos',0,0,0,0,'1','2','2015-05-27 20:21:45','2015-06-02 21:43:17'),(224,39,'Multas',0,0,0,0,'1','2','2015-05-27 20:21:54','2015-06-02 21:43:30'),(225,39,'Reservas',0,0,0,0,'1','2','2015-05-27 20:22:11','2015-06-02 21:43:44'),(227,37,'Portal SPADIES',1,1,1,0,'1','2','2015-06-11 19:14:27','2015-06-11 19:14:27'),(229,33,'Cargue Snies Local',1,1,1,0,'1','2','2015-06-18 15:56:35','2015-06-18 15:56:35'),(230,37,'Módulo de Sincronización',1,1,1,0,'1','2','2015-06-18 16:20:13','2015-06-18 16:20:13'),(231,35,'BSC',1,1,1,0,'1','2','2015-06-19 16:47:53','2015-06-19 16:53:17'),(232,35,'Revisiones',1,1,0,0,'2','2','2015-06-19 21:12:49','2015-06-19 21:12:49'),(233,35,'Presentaciones',1,1,1,0,'1','2','2015-06-19 21:15:16','2015-06-19 21:15:16'),(234,35,'Reuniones',1,1,1,0,'2','2','2015-06-19 21:28:02','2015-06-19 21:28:02'),(235,35,'Eventos y Decisiones',1,1,1,0,'2','2','2015-06-19 21:30:01','2015-06-19 21:30:01'),(236,35,'Administrador',1,1,1,0,'1','2','2015-06-19 21:32:01','2015-06-19 21:32:01'),(237,35,'Gestión del Riesgo',1,1,1,0,'2','2','2015-06-19 21:39:02','2015-06-19 21:39:02'),(238,40,'Usuarios',1,0,0,0,'1','2','2015-06-23 13:47:06','2015-06-23 13:47:06'),(239,40,'Aplicaciones',0,0,0,0,'1','2','2015-06-23 13:52:12','2015-06-23 13:52:12'),(240,40,'Perfil de empresa',0,0,0,0,'6','2','2015-06-23 15:27:55','2015-06-23 15:27:55'),(241,40,'Facturación',0,0,0,0,'6','','2015-06-23 15:28:15','2015-06-23 15:28:15'),(242,40,'Grupos',0,0,0,0,'1','2','2015-06-23 15:28:34','2015-06-23 15:28:34'),(243,40,'Administración de dispositivos',0,0,0,0,'6','2','2015-06-23 15:28:56','2015-06-23 15:28:56'),(244,40,'Informes',0,0,0,0,'1','2','2015-06-23 15:29:13','2015-06-23 15:29:13'),(245,40,'Seguridad',0,0,0,0,'6','2','2015-06-23 15:29:26','2015-06-23 15:29:26'),(246,9,'Cuentas por Cobrar',0,0,0,0,'1','1','2015-06-23 16:20:59','2015-06-23 16:20:59'),(247,41,'Información Personal',0,0,0,0,'1','2','2015-06-23 16:23:44','2015-06-23 16:23:44'),(248,41,'Web Tailor',0,0,0,0,'1','2','2015-06-23 16:24:38','2015-06-23 16:24:38'),(249,41,'Alumnos',0,0,0,0,'1','2','2015-06-23 16:26:05','2015-06-23 16:26:05'),(250,41,'Docentes',0,0,0,0,'1','2','2015-06-23 16:27:17','2015-06-23 16:27:17'),(251,13,'Estado de Cuenta',0,0,0,0,'1','2','2015-06-23 16:48:09','2015-06-23 16:48:09'),(252,13,'Cupon de pago',0,0,0,0,'1','2','2015-06-23 16:49:23','2015-06-23 16:49:23'),(253,13,'Conexión pago electrónico',0,0,0,0,'1','2','2015-06-23 16:49:49','2015-06-23 16:49:49'),(254,13,'Revisión de estado de transacciones',0,0,0,0,'1','2','2015-06-23 16:50:19','2015-06-23 16:50:19'),(255,13,'Generador del codigo de barras',0,0,0,0,'1','2','2015-06-23 16:50:34','2015-06-23 16:50:34'),(256,42,'Autoservicio',0,0,0,0,'1','2','2015-06-23 19:10:36','2015-06-23 19:10:36'),(257,42,'Gestión de Usuarios',0,0,0,0,'1','2','2015-06-23 19:10:53','2015-06-23 19:10:53'),(258,31,'Modulos',0,0,0,0,'1','2','2015-06-23 19:11:53','2015-06-23 19:11:53'),(259,31,'Usuarios',0,0,0,0,'1','2','2015-06-23 19:12:21','2015-06-23 19:12:21'),(260,31,'Capacidades',0,0,0,0,'1','2','2015-06-23 19:16:27','2015-06-23 19:16:27'),(261,31,'Login',0,0,0,0,'1','2','2015-06-23 19:18:26','2015-06-23 19:18:26'),(262,43,'Administración',0,3,3,5,'2','2','2015-06-24 12:58:27','2015-06-24 12:58:27'),(263,24,'Cupon de pagos Caldas',0,0,0,0,'1','2','2015-06-30 13:44:13','2015-06-30 13:44:13'),(264,23,'Comicios Caldas',0,0,0,0,'1','2','2015-06-30 13:45:48','2015-06-30 13:45:48'),(265,44,'Administrador',0,0,0,0,'1','2','2015-06-30 14:41:51','2015-06-30 14:41:51'),(266,44,'Workflow',0,0,0,0,'1','2','2015-06-30 14:42:31','2015-06-30 14:42:31'),(267,38,'Disponibilidad de Aulas',0,0,0,0,'1','2','2015-07-21 14:08:48','2015-07-21 14:08:48'),(268,46,'Indicadores de Gestión Académica Banner',1,1,1,0,'2','2','2015-08-03 16:33:54','2015-08-03 16:33:54'),(269,45,'Alineación Total',1,1,1,0,'2','2','2015-08-03 16:37:11','2015-08-03 16:37:11'),(270,47,'Contenidos',0,0,0,0,'1','2','2015-08-14 19:14:28','2015-08-14 19:17:26'),(271,8,'',0,0,0,0,'','','2015-08-31 16:19:15','2015-08-31 16:19:15');

#
# Structure for table "ingenieros_modulos"
#

DROP TABLE IF EXISTS `ingenieros_modulos`;
CREATE TABLE `ingenieros_modulos` (
  `id` int(10) unsigned NOT NULL AUTO_INCREMENT,
  `ingenieros_id` int(10) unsigned NOT NULL,
  `modulos_id` int(10) unsigned NOT NULL,
  `principal` smallint(6) DEFAULT '0',
  `estado` smallint(6) DEFAULT '0',
  `created_at` datetime NOT NULL,
  `updated_at` datetime NOT NULL,
  `capacitado` int(11) DEFAULT '0',
  PRIMARY KEY (`id`),
  KEY `ingenieros_modulos_ingenieros_id_foreign` (`ingenieros_id`),
  KEY `ingenieros_modulos_modulos_id_foreign` (`modulos_id`),
  CONSTRAINT `ingenieros_modulos_ingenieros_id_foreign` FOREIGN KEY (`ingenieros_id`) REFERENCES `ingenieros` (`id`) ON DELETE CASCADE,
  CONSTRAINT `ingenieros_modulos_modulos_id_foreign` FOREIGN KEY (`modulos_id`) REFERENCES `modulos` (`id`) ON DELETE CASCADE
) ENGINE=InnoDB AUTO_INCREMENT=528 DEFAULT CHARSET=utf8 COLLATE=utf8_unicode_ci;

#
# Data for table "ingenieros_modulos"
#

INSERT INTO `ingenieros_modulos` VALUES (7,22,171,1,0,'2015-05-14 19:14:42','2015-05-14 19:14:42',1),(8,14,172,1,0,'2015-05-14 21:50:28','2015-05-14 21:50:28',0),(9,14,173,1,0,'2015-05-14 21:50:49','2015-05-14 21:50:49',0),(10,14,174,1,0,'2015-05-14 21:51:06','2015-05-14 21:51:06',0),(11,14,175,1,0,'2015-05-14 21:52:23','2015-05-14 21:52:23',0),(12,14,176,1,0,'2015-05-14 21:53:02','2015-05-14 21:53:02',0),(13,14,177,1,0,'2015-05-14 21:53:58','2015-05-14 21:53:58',0),(14,14,178,1,0,'2015-05-14 22:06:02','2015-05-14 22:06:02',0),(15,14,179,1,0,'2015-05-14 22:07:41','2015-05-14 22:07:41',0),(16,14,180,1,0,'2015-05-14 22:08:14','2015-05-14 22:08:14',0),(17,14,181,1,0,'2015-05-14 22:08:44','2015-05-14 22:08:44',0),(18,14,182,1,0,'2015-05-14 22:09:10','2015-05-14 22:09:10',0),(20,18,167,1,0,'2015-05-15 16:22:39','2015-05-15 16:22:39',0),(21,18,119,1,0,'2015-05-15 16:23:40','2015-05-15 16:23:40',0),(22,11,124,1,0,'2015-05-15 21:33:47','2015-05-15 21:33:47',0),(23,11,125,1,0,'2015-05-15 21:34:43','2015-05-15 21:34:43',0),(24,12,170,1,0,'2015-05-15 22:12:16','2015-05-15 22:12:16',0),(25,11,146,1,0,'2015-05-20 14:23:48','2015-05-20 14:23:48',0),(26,11,120,1,0,'2015-05-20 14:26:18','2015-05-20 14:26:18',0),(27,11,121,1,0,'2015-05-20 14:26:38','2015-05-20 14:26:38',0),(28,11,122,1,0,'2015-05-20 14:26:57','2015-05-20 14:26:57',0),(29,12,183,1,0,'2015-05-20 16:49:15','2015-05-20 16:49:15',0),(30,5,19,0,0,'2015-05-20 19:23:38','2015-05-20 19:23:38',0),(31,12,118,1,0,'2015-05-20 19:24:42','2015-05-20 19:24:42',0),(32,12,116,1,0,'2015-05-20 19:25:00','2015-05-20 19:25:00',0),(33,12,117,1,0,'2015-05-20 19:25:14','2015-05-20 19:25:14',0),(34,5,8,1,0,'2015-05-20 19:28:13','2015-05-20 19:28:13',0),(35,5,10,0,0,'2015-05-20 19:29:16','2015-05-20 19:29:16',0),(36,16,27,0,0,'2015-05-20 19:29:19','2015-05-20 19:29:19',0),(37,13,27,0,0,'2015-05-20 19:29:27','2015-05-20 19:29:27',0),(39,13,28,0,0,'2015-05-20 19:30:24','2015-05-20 19:30:24',0),(40,16,29,0,0,'2015-05-20 19:30:47','2015-05-20 19:30:47',0),(41,13,29,0,0,'2015-05-20 19:30:52','2015-05-20 19:30:52',0),(42,5,11,0,0,'2015-05-20 19:31:14','2015-05-20 19:31:14',0),(43,16,31,1,0,'2015-05-20 19:32:31','2015-05-20 19:32:31',0),(44,13,31,0,0,'2015-05-20 19:32:36','2015-05-20 19:32:36',0),(45,13,34,0,0,'2015-05-20 19:32:59','2015-05-20 19:32:59',0),(46,16,34,1,0,'2015-05-20 19:33:03','2015-05-20 19:33:03',0),(47,13,36,0,0,'2015-05-20 19:33:25','2015-05-20 19:33:25',0),(48,16,36,0,0,'2015-05-20 19:33:30','2015-05-20 19:33:30',0),(49,13,37,0,0,'2015-05-20 19:33:57','2015-05-20 19:33:57',0),(50,16,37,0,0,'2015-05-20 19:34:02','2015-05-20 19:34:02',0),(51,13,38,0,0,'2015-05-20 19:34:26','2015-05-20 19:34:26',0),(52,16,38,0,0,'2015-05-20 19:34:29','2015-05-20 19:34:29',0),(53,13,46,0,0,'2015-05-20 19:34:48','2015-05-20 19:34:48',0),(54,16,46,1,0,'2015-05-20 19:34:52','2015-05-20 19:34:52',0),(56,5,12,0,0,'2015-05-20 19:35:27','2015-05-20 19:35:27',0),(57,9,8,1,0,'2015-05-20 19:36:08','2015-05-20 19:36:08',0),(58,5,13,0,0,'2015-05-20 19:36:27','2015-05-20 19:36:27',0),(59,9,10,1,0,'2015-05-20 19:36:29','2015-05-20 19:36:29',0),(60,9,11,1,0,'2015-05-20 19:38:09','2015-05-20 19:38:09',0),(61,9,12,1,0,'2015-05-20 19:38:28','2015-05-20 19:38:28',0),(62,9,13,1,0,'2015-05-20 19:38:40','2015-05-20 19:38:40',0),(64,9,19,1,0,'2015-05-20 19:39:07','2015-05-20 19:39:07',0),(65,18,14,1,0,'2015-05-20 19:39:09','2015-05-20 19:39:09',0),(66,5,14,0,0,'2015-05-20 19:39:13','2015-05-20 19:39:13',0),(67,5,18,0,0,'2015-05-20 19:40:38','2015-05-20 19:40:38',0),(68,5,16,0,0,'2015-05-20 19:41:33','2015-05-20 19:41:33',0),(70,5,22,0,0,'2015-05-20 19:43:23','2015-05-20 19:43:23',0),(71,5,23,0,0,'2015-05-20 19:44:28','2015-05-20 19:44:28',0),(72,5,25,0,0,'2015-05-20 19:45:46','2015-05-20 19:45:46',0),(73,9,25,1,0,'2015-05-20 19:49:16','2015-05-20 19:49:16',0),(74,9,16,0,0,'2015-05-20 19:49:34','2015-05-20 19:49:34',0),(75,5,188,0,0,'2015-05-20 19:50:27','2015-05-20 19:50:27',0),(76,9,18,1,0,'2015-05-20 19:52:14','2015-05-20 19:52:14',0),(77,5,170,0,0,'2015-05-20 19:52:39','2015-05-20 19:52:39',0),(78,9,22,1,0,'2015-05-20 19:52:42','2015-05-20 19:52:42',0),(79,9,23,1,0,'2015-05-20 19:53:25','2015-05-20 19:53:25',0),(80,5,189,0,0,'2015-05-20 19:56:05','2015-05-20 19:56:05',0),(81,5,190,0,0,'2015-05-20 19:57:06','2015-05-20 19:57:06',0),(82,9,190,0,0,'2015-05-20 19:59:17','2015-05-20 19:59:17',0),(83,9,189,1,0,'2015-05-20 20:00:22','2015-05-20 20:00:22',0),(84,5,191,0,0,'2015-05-20 20:03:29','2015-05-20 20:03:29',0),(86,5,192,1,0,'2015-05-20 20:04:23','2015-05-20 20:04:23',0),(88,5,56,0,0,'2015-05-20 20:07:19','2015-05-20 20:07:19',0),(89,9,191,1,0,'2015-05-20 20:19:34','2015-05-20 20:19:34',0),(90,9,192,0,0,'2015-05-20 20:19:47','2015-05-20 20:19:47',0),(91,11,140,1,0,'2015-05-20 22:03:58','2015-05-20 22:03:58',0),(92,11,141,1,0,'2015-05-20 22:04:32','2015-05-20 22:04:32',0),(93,11,144,1,0,'2015-05-20 22:04:53','2015-05-20 22:04:53',0),(94,11,194,1,0,'2015-05-20 22:15:35','2015-05-20 22:15:35',0),(95,11,195,1,0,'2015-05-20 22:16:22','2015-05-20 22:16:22',0),(96,11,196,1,0,'2015-05-20 22:17:40','2015-05-20 22:17:40',0),(97,11,197,1,0,'2015-05-20 22:18:15','2015-05-20 22:18:15',0),(98,11,198,1,0,'2015-05-20 22:19:07','2015-05-20 22:19:07',0),(99,11,199,1,0,'2015-05-20 22:19:30','2015-05-20 22:19:30',0),(100,11,138,1,0,'2015-05-20 22:20:24','2015-05-20 22:20:24',0),(101,11,142,1,0,'2015-05-20 22:20:37','2015-05-20 22:20:37',0),(102,11,145,1,0,'2015-05-20 22:20:57','2015-05-20 22:20:57',0),(103,11,137,1,0,'2015-05-20 22:21:07','2015-05-20 22:21:07',0),(104,11,200,1,0,'2015-05-20 22:42:58','2015-05-20 22:42:58',0),(105,11,201,1,0,'2015-05-20 22:44:58','2015-05-20 22:44:58',0),(106,15,186,1,0,'2015-05-25 19:45:56','2015-05-25 19:45:56',0),(107,15,202,1,0,'2015-05-25 19:47:20','2015-05-25 19:47:20',0),(108,15,187,1,0,'2015-05-25 19:53:06','2015-05-25 19:53:06',0),(109,15,203,1,0,'2015-05-25 19:59:08','2015-05-25 19:59:08',0),(110,15,204,1,0,'2015-05-25 20:18:49','2015-05-25 20:18:49',0),(112,15,206,1,0,'2015-05-25 20:33:55','2015-05-25 20:33:55',0),(113,15,207,1,0,'2015-05-25 20:35:25','2015-05-25 20:35:25',0),(114,15,208,1,0,'2015-05-25 20:36:38','2015-05-25 20:36:38',0),(116,15,185,0,0,'2015-05-25 20:49:46','2015-05-25 20:49:46',0),(117,15,211,0,0,'2015-05-25 20:54:08','2015-05-25 20:54:08',0),(118,15,212,0,0,'2015-05-25 20:55:55','2015-05-25 20:55:55',1),(119,15,213,1,0,'2015-05-25 21:00:38','2015-05-25 21:00:38',0),(120,15,209,0,0,'2015-05-25 21:04:19','2015-05-25 21:04:19',1),(121,15,214,1,0,'2015-05-25 21:08:04','2015-05-25 21:08:04',0),(122,15,215,1,0,'2015-05-25 21:15:45','2015-05-25 21:15:45',0),(123,16,216,1,0,'2015-05-25 21:28:05','2015-05-25 21:28:05',0),(124,13,217,0,0,'2015-05-25 21:29:56','2015-05-25 21:29:56',0),(125,16,217,1,0,'2015-05-25 21:30:01','2015-05-25 21:30:01',0),(126,13,218,0,0,'2015-05-25 21:30:44','2015-05-25 21:30:44',0),(127,16,218,1,0,'2015-05-25 21:30:50','2015-05-25 21:30:50',0),(128,13,219,0,0,'2015-05-25 21:32:30','2015-05-25 21:32:30',0),(130,8,126,0,0,'2015-05-26 00:32:07','2015-05-26 00:32:07',0),(131,18,126,1,0,'2015-05-26 00:32:14','2015-05-26 00:32:14',0),(132,8,127,0,0,'2015-05-26 00:33:10','2015-05-26 00:33:10',0),(133,18,127,1,0,'2015-05-26 00:33:20','2015-05-26 00:33:20',0),(134,11,127,0,0,'2015-05-26 00:33:29','2015-05-26 00:33:29',0),(135,8,128,0,0,'2015-05-26 00:33:52','2015-05-26 00:33:52',0),(136,18,128,0,0,'2015-05-26 00:33:58','2015-05-26 00:33:58',0),(137,11,128,1,0,'2015-05-26 00:34:04','2015-05-26 00:34:04',0),(138,8,129,0,0,'2015-05-26 00:34:34','2015-05-26 00:34:34',0),(139,18,129,0,0,'2015-05-26 00:34:39','2015-05-26 00:34:39',0),(140,11,129,1,0,'2015-05-26 00:34:45','2015-05-26 00:34:45',0),(145,8,131,0,0,'2015-05-26 00:36:10','2015-05-26 00:36:10',0),(146,11,131,1,0,'2015-05-26 00:36:14','2015-05-26 00:36:14',0),(147,18,131,0,0,'2015-05-26 00:36:21','2015-05-26 00:36:21',0),(148,18,132,0,0,'2015-05-26 00:36:38','2015-05-26 00:36:38',0),(149,11,132,1,0,'2015-05-26 00:36:44','2015-05-26 00:36:44',0),(150,8,132,0,0,'2015-05-26 00:36:49','2015-05-26 00:36:49',0),(151,8,133,0,0,'2015-05-26 00:37:08','2015-05-26 00:37:08',0),(152,8,134,0,0,'2015-05-26 00:37:14','2015-05-26 00:37:14',0),(154,18,133,1,0,'2015-05-26 00:37:27','2015-05-26 00:37:27',0),(155,18,134,0,0,'2015-05-26 00:37:32','2015-05-26 00:37:32',0),(156,18,135,0,0,'2015-05-26 00:37:37','2015-05-26 00:37:37',0),(157,11,133,0,0,'2015-05-26 00:37:42','2015-05-26 00:37:42',0),(158,11,134,1,0,'2015-05-26 00:37:49','2015-05-26 00:37:49',0),(159,11,135,1,0,'2015-05-26 00:37:53','2015-05-26 00:37:53',0),(160,8,136,0,0,'2015-05-26 00:38:22','2015-05-26 00:38:22',0),(161,8,160,0,0,'2015-05-26 00:38:57','2015-05-26 00:38:57',0),(162,18,160,1,0,'2015-05-26 00:39:02','2015-05-26 00:39:02',0),(163,11,160,0,0,'2015-05-26 00:39:08','2015-05-26 00:39:08',0),(164,8,161,0,0,'2015-05-26 00:39:19','2015-05-26 00:39:19',0),(165,8,162,0,0,'2015-05-26 00:39:30','2015-05-26 00:39:30',0),(166,11,163,0,0,'2015-05-26 00:39:40','2015-05-26 00:39:40',0),(167,18,163,1,0,'2015-05-26 00:39:44','2015-05-26 00:39:44',0),(168,8,163,0,0,'2015-05-26 00:39:48','2015-05-26 00:39:48',0),(169,8,164,0,0,'2015-05-26 00:39:58','2015-05-26 00:39:58',0),(170,8,165,0,0,'2015-05-26 00:40:09','2015-05-26 00:40:09',0),(172,8,147,0,0,'2015-05-26 00:54:44','2015-05-26 00:54:44',0),(173,18,147,0,0,'2015-05-26 00:54:51','2015-05-26 00:54:51',0),(174,11,147,1,0,'2015-05-26 00:54:55','2015-05-26 00:54:55',0),(175,8,148,0,0,'2015-05-26 00:55:03','2015-05-26 00:55:03',0),(176,18,148,0,0,'2015-05-26 00:55:57','2015-05-26 00:55:57',0),(177,11,148,1,0,'2015-05-26 00:56:02','2015-05-26 00:56:02',0),(178,8,149,0,0,'2015-05-26 00:56:11','2015-05-26 00:56:11',0),(179,18,149,0,0,'2015-05-26 00:56:18','2015-05-26 00:56:18',0),(180,11,149,1,0,'2015-05-26 00:56:23','2015-05-26 00:56:23',0),(181,18,150,0,0,'2015-05-26 00:57:07','2015-05-26 00:57:07',0),(182,11,150,1,0,'2015-05-26 00:57:12','2015-05-26 00:57:12',0),(183,8,150,0,0,'2015-05-26 00:57:18','2015-05-26 00:57:18',0),(184,8,151,0,0,'2015-05-26 00:57:26','2015-05-26 00:57:26',0),(185,18,151,0,0,'2015-05-26 00:57:33','2015-05-26 00:57:33',0),(186,11,151,1,0,'2015-05-26 00:57:39','2015-05-26 00:57:39',0),(187,8,152,0,0,'2015-05-26 00:57:48','2015-05-26 00:57:48',0),(188,18,152,1,0,'2015-05-26 00:57:53','2015-05-26 00:57:53',0),(189,11,152,0,0,'2015-05-26 00:57:58','2015-05-26 00:57:58',0),(190,8,153,0,0,'2015-05-26 00:58:25','2015-05-26 00:58:25',0),(191,8,154,0,0,'2015-05-26 00:58:32','2015-05-26 00:58:32',0),(192,8,155,0,0,'2015-05-26 00:58:36','2015-05-26 00:58:36',0),(193,8,156,0,0,'2015-05-26 00:58:40','2015-05-26 00:58:40',0),(194,8,157,0,0,'2015-05-26 00:58:44','2015-05-26 00:58:44',0),(195,8,158,0,0,'2015-05-26 00:58:50','2015-05-26 00:58:50',0),(196,8,159,0,0,'2015-05-26 00:58:56','2015-05-26 00:58:56',0),(197,18,153,0,0,'2015-05-26 00:59:07','2015-05-26 00:59:07',0),(198,18,154,0,0,'2015-05-26 00:59:19','2015-05-26 00:59:19',0),(199,18,155,0,0,'2015-05-26 00:59:22','2015-05-26 00:59:22',0),(200,18,156,1,0,'2015-05-26 00:59:26','2015-05-26 00:59:26',0),(201,18,157,0,0,'2015-05-26 00:59:30','2015-05-26 00:59:30',0),(202,18,158,1,0,'2015-05-26 00:59:34','2015-05-26 00:59:34',0),(203,18,159,0,0,'2015-05-26 00:59:41','2015-05-26 00:59:41',0),(204,11,153,1,0,'2015-05-26 00:59:50','2015-05-26 00:59:50',0),(205,11,154,1,0,'2015-05-26 00:59:55','2015-05-26 00:59:55',0),(206,11,155,1,0,'2015-05-26 01:00:19','2015-05-26 01:00:19',0),(207,11,156,0,0,'2015-05-26 01:00:26','2015-05-26 01:00:26',0),(208,11,157,1,0,'2015-05-26 01:00:34','2015-05-26 01:00:34',0),(209,11,158,0,0,'2015-05-26 01:00:47','2015-05-26 01:00:47',0),(210,11,159,1,0,'2015-05-26 01:00:54','2015-05-26 01:00:54',0),(211,12,220,1,0,'2015-05-26 14:05:14','2015-05-26 14:05:14',0),(212,11,123,1,0,'2015-05-27 15:13:59','2015-05-27 15:13:59',0),(213,11,143,1,0,'2015-05-27 15:21:30','2015-05-27 15:21:30',0),(214,11,139,1,0,'2015-05-27 15:22:28','2015-05-27 15:22:28',0),(215,11,221,1,0,'2015-05-27 20:10:42','2015-05-27 20:10:42',0),(216,11,222,1,0,'2015-05-27 20:23:21','2015-05-27 20:23:21',0),(217,11,223,1,0,'2015-05-27 20:23:31','2015-05-27 20:23:31',0),(218,11,224,1,0,'2015-05-27 20:23:36','2015-05-27 20:23:36',0),(219,11,225,1,0,'2015-05-27 20:23:41','2015-05-27 20:23:41',0),(220,11,126,0,0,'2015-06-02 21:26:24','2015-06-02 21:26:24',0),(221,11,57,1,0,'2015-06-02 22:07:02','2015-06-02 22:07:02',0),(222,11,80,1,0,'2015-06-02 22:10:16','2015-06-02 22:10:16',0),(223,11,106,1,0,'2015-06-02 22:20:00','2015-06-02 22:20:00',0),(224,11,86,1,0,'2015-06-02 22:20:35','2015-06-02 22:20:35',0),(225,11,90,1,0,'2015-06-03 13:14:48','2015-06-03 13:14:48',0),(226,11,109,1,0,'2015-06-03 13:15:25','2015-06-03 13:15:25',0),(227,11,74,1,0,'2015-06-03 13:55:49','2015-06-03 13:55:49',0),(228,11,83,1,0,'2015-06-03 14:17:06','2015-06-03 14:17:06',0),(229,11,94,1,0,'2015-06-03 14:17:41','2015-06-03 14:17:41',0),(230,11,101,1,0,'2015-06-03 14:18:19','2015-06-03 14:18:19',0),(231,11,78,1,0,'2015-06-03 14:18:42','2015-06-03 14:18:42',0),(232,11,75,1,0,'2015-06-03 14:19:27','2015-06-03 14:19:27',0),(233,18,169,1,0,'2015-06-04 15:44:00','2015-06-04 15:44:00',0),(234,15,210,0,0,'2015-06-04 16:29:45','2015-06-04 16:29:45',0),(235,7,27,1,0,'2015-06-05 14:02:12','2015-06-05 14:02:12',0),(236,7,28,0,0,'2015-06-05 14:02:33','2015-06-05 14:02:33',0),(237,7,29,1,0,'2015-06-05 14:02:51','2015-06-05 14:02:51',0),(238,7,31,0,0,'2015-06-05 14:03:16','2015-06-05 14:03:16',0),(239,7,34,0,0,'2015-06-05 14:04:13','2015-06-05 14:04:13',0),(240,7,36,1,0,'2015-06-05 14:05:18','2015-06-05 14:05:18',0),(241,7,37,1,0,'2015-06-05 14:05:24','2015-06-05 14:05:24',0),(242,7,38,1,0,'2015-06-05 14:05:29','2015-06-05 14:05:29',0),(243,7,46,0,0,'2015-06-05 14:05:40','2015-06-05 14:05:40',0),(244,7,216,0,0,'2015-06-05 14:05:49','2015-06-05 14:05:49',0),(245,7,217,0,0,'2015-06-05 14:05:54','2015-06-05 14:05:54',0),(246,7,218,0,0,'2015-06-05 14:05:58','2015-06-05 14:05:58',0),(247,7,219,1,0,'2015-06-05 14:06:05','2015-06-05 14:06:05',0),(248,11,58,1,0,'2015-06-09 16:10:15','2015-06-09 16:10:15',0),(249,11,59,1,0,'2015-06-09 16:10:24','2015-06-09 16:10:24',0),(250,11,60,1,0,'2015-06-09 16:10:46','2015-06-09 16:10:46',0),(251,11,61,1,0,'2015-06-09 16:11:07','2015-06-09 16:11:07',0),(252,11,62,1,0,'2015-06-09 16:11:18','2015-06-09 16:11:18',0),(253,11,65,1,0,'2015-06-09 16:11:30','2015-06-09 16:11:30',0),(254,11,72,1,0,'2015-06-09 16:11:48','2015-06-09 16:11:48',0),(255,11,79,1,0,'2015-06-09 16:12:01','2015-06-09 16:12:01',0),(256,11,81,1,0,'2015-06-09 16:12:12','2015-06-09 16:12:12',0),(257,11,84,1,0,'2015-06-09 16:12:24','2015-06-09 16:12:24',0),(258,11,82,1,0,'2015-06-09 16:12:33','2015-06-09 16:12:33',0),(259,11,88,1,0,'2015-06-09 16:12:45','2015-06-09 16:12:45',0),(260,11,95,1,0,'2015-06-09 16:12:57','2015-06-09 16:12:57',0),(261,11,112,1,0,'2015-06-10 21:28:17','2015-06-10 21:28:17',0),(262,11,113,1,0,'2015-06-10 21:28:34','2015-06-10 21:28:34',0),(263,11,111,1,0,'2015-06-10 21:28:52','2015-06-10 21:28:52',0),(264,11,107,1,0,'2015-06-10 21:29:09','2015-06-10 21:29:09',0),(265,11,102,1,0,'2015-06-10 21:29:30','2015-06-10 21:29:30',0),(266,11,92,1,0,'2015-06-11 13:10:44','2015-06-11 13:10:44',0),(267,15,227,1,0,'2015-06-11 19:14:52','2015-06-11 19:14:52',0),(268,18,17,0,0,'2015-06-16 16:19:32','2015-06-16 16:19:32',0),(269,9,54,1,0,'2015-06-16 16:21:21','2015-06-16 16:21:21',1),(270,5,54,0,0,'2015-06-16 16:21:28','2015-06-16 16:21:28',1),(271,5,53,0,0,'2015-06-16 16:25:20','2015-06-16 16:25:20',1),(272,9,53,1,0,'2015-06-16 16:25:27','2015-06-16 16:25:27',0),(273,5,49,0,0,'2015-06-16 16:27:30','2015-06-16 16:27:30',0),(274,9,49,0,0,'2015-06-16 16:27:34','2015-06-16 16:27:34',0),(275,13,49,0,0,'2015-06-16 16:27:37','2015-06-16 16:27:37',0),(276,16,49,0,0,'2015-06-16 16:27:42','2015-06-16 16:27:42',0),(277,26,47,0,0,'2015-06-16 16:32:47','2015-06-16 16:32:47',0),(279,18,168,0,0,'2015-06-16 17:03:52','2015-06-16 17:03:52',0),(280,8,166,0,0,'2015-06-16 17:05:14','2015-06-16 17:05:14',0),(281,11,115,1,0,'2015-06-16 19:31:27','2015-06-16 19:31:27',0),(282,11,114,1,0,'2015-06-16 19:32:18','2015-06-16 19:32:18',0),(283,11,110,1,0,'2015-06-16 19:32:50','2015-06-16 19:32:50',0),(284,11,108,1,0,'2015-06-16 19:33:54','2015-06-16 19:33:54',0),(285,11,105,1,0,'2015-06-16 19:34:31','2015-06-16 19:34:31',0),(286,11,104,1,0,'2015-06-16 19:37:00','2015-06-16 19:37:00',0),(287,11,103,1,0,'2015-06-16 19:37:16','2015-06-16 19:37:16',0),(288,11,100,1,0,'2015-06-16 19:37:50','2015-06-16 19:37:50',0),(289,11,99,1,0,'2015-06-16 19:38:16','2015-06-16 19:38:16',0),(290,11,98,1,0,'2015-06-16 19:38:25','2015-06-16 19:38:25',0),(291,11,97,1,0,'2015-06-16 19:38:39','2015-06-16 19:38:39',0),(292,11,96,1,0,'2015-06-16 19:38:58','2015-06-16 19:38:58',0),(293,11,93,1,0,'2015-06-16 19:39:27','2015-06-16 19:39:27',0),(294,11,91,1,0,'2015-06-16 19:40:06','2015-06-16 19:40:06',0),(295,11,89,1,0,'2015-06-16 19:40:17','2015-06-16 19:40:17',0),(296,11,87,1,0,'2015-06-16 19:40:52','2015-06-16 19:40:52',0),(297,11,85,1,0,'2015-06-16 19:41:35','2015-06-16 19:41:35',0),(298,11,76,1,0,'2015-06-16 19:41:54','2015-06-16 19:41:54',0),(299,11,73,1,0,'2015-06-16 19:42:05','2015-06-16 19:42:05',0),(300,11,66,1,0,'2015-06-16 19:42:40','2015-06-16 19:42:40',0),(301,11,67,1,0,'2015-06-16 19:42:54','2015-06-16 19:42:54',0),(303,15,229,0,0,'2015-06-18 15:57:38','2015-06-18 15:57:38',1),(304,15,230,1,0,'2015-06-18 16:20:32','2015-06-18 16:20:32',1),(305,15,231,1,0,'2015-06-19 21:08:13','2015-06-19 21:08:13',0),(306,15,232,0,0,'2015-06-19 21:13:22','2015-06-19 21:13:22',0),(307,15,233,0,0,'2015-06-19 21:15:36','2015-06-19 21:15:36',0),(308,15,234,0,0,'2015-06-19 21:28:41','2015-06-19 21:28:41',0),(309,15,235,0,0,'2015-06-19 21:30:28','2015-06-19 21:30:28',0),(310,15,236,0,0,'2015-06-19 21:32:18','2015-06-19 21:32:18',0),(311,15,237,0,0,'2015-06-19 21:39:19','2015-06-19 21:39:19',0),(319,16,246,1,0,'2015-06-23 16:21:18','2015-06-23 16:21:18',0),(320,7,246,0,0,'2015-06-23 16:21:28','2015-06-23 16:21:28',0),(321,13,246,0,0,'2015-06-23 16:21:34','2015-06-23 16:21:34',0),(322,9,249,0,0,'2015-06-23 16:26:23','2015-06-23 16:26:23',0),(323,5,249,0,0,'2015-06-23 16:26:27','2015-06-23 16:26:27',0),(324,9,247,0,0,'2015-06-23 16:27:27','2015-06-23 16:27:27',0),(325,5,247,0,0,'2015-06-23 16:27:29','2015-06-23 16:27:29',0),(326,9,248,0,0,'2015-06-23 16:27:57','2015-06-23 16:27:57',0),(327,5,248,0,0,'2015-06-23 16:27:59','2015-06-23 16:27:59',0),(328,9,250,0,0,'2015-06-23 16:28:35','2015-06-23 16:28:35',0),(329,5,250,0,0,'2015-06-23 16:28:39','2015-06-23 16:28:39',0),(330,7,251,1,0,'2015-06-23 16:48:16','2015-06-23 16:48:16',0),(331,13,251,0,0,'2015-06-23 16:48:22','2015-06-23 16:48:22',0),(332,16,251,0,0,'2015-06-23 16:48:31','2015-06-23 16:48:31',0),(333,7,252,1,0,'2015-06-23 16:50:44','2015-06-23 16:50:44',0),(334,16,252,0,0,'2015-06-23 16:50:50','2015-06-23 16:50:50',0),(335,13,252,0,0,'2015-06-23 16:50:57','2015-06-23 16:50:57',0),(336,7,253,1,0,'2015-06-23 16:51:40','2015-06-23 16:51:40',0),(337,16,253,0,0,'2015-06-23 16:51:57','2015-06-23 16:51:57',0),(338,13,253,0,0,'2015-06-23 16:52:02','2015-06-23 16:52:02',0),(339,7,254,1,0,'2015-06-23 16:52:35','2015-06-23 16:52:35',0),(340,16,254,0,0,'2015-06-23 16:52:43','2015-06-23 16:52:43',0),(341,13,254,0,0,'2015-06-23 16:52:48','2015-06-23 16:52:48',0),(342,22,258,1,0,'2015-06-23 19:18:44','2015-06-23 19:18:44',0),(343,22,259,1,0,'2015-06-23 19:19:14','2015-06-23 19:19:14',0),(344,22,260,1,0,'2015-06-23 19:19:44','2015-06-23 19:19:44',0),(345,22,261,1,0,'2015-06-23 19:20:19','2015-06-23 19:20:19',0),(346,18,262,0,0,'2015-06-24 12:58:36','2015-06-24 12:58:36',0),(347,22,203,0,0,'2015-06-25 20:55:05','2015-06-25 20:55:05',0),(348,16,28,1,0,'2015-06-25 21:07:14','2015-06-25 21:07:14',0),(349,9,56,1,0,'2015-06-25 21:13:12','2015-06-25 21:13:12',0),(350,9,220,0,0,'2015-06-25 21:13:59','2015-06-25 21:13:59',0),(351,5,220,0,0,'2015-06-25 21:14:09','2015-06-25 21:14:09',0),(352,7,116,0,0,'2015-06-25 21:56:55','2015-06-25 21:56:55',0),(353,7,117,0,0,'2015-06-25 21:57:34','2015-06-25 21:57:34',0),(354,7,118,0,0,'2015-06-25 21:57:51','2015-06-25 21:57:51',0),(355,8,194,0,0,'2015-06-25 21:58:47','2015-06-25 21:58:47',0),(356,8,197,0,0,'2015-06-25 22:00:15','2015-06-25 22:00:15',0),(357,8,195,0,0,'2015-06-25 22:00:54','2015-06-25 22:00:54',0),(358,8,196,0,0,'2015-06-25 22:06:13','2015-06-25 22:06:13',0),(359,8,198,0,0,'2015-06-25 22:08:11','2015-06-25 22:08:11',0),(360,8,199,0,0,'2015-06-25 22:11:01','2015-06-25 22:11:01',0),(361,8,119,0,0,'2015-06-25 22:18:55','2015-06-25 22:18:55',0),(362,8,119,0,0,'2015-06-25 22:19:00','2015-06-25 22:19:00',0),(363,8,120,0,0,'2015-06-25 22:19:53','2015-06-25 22:19:53',0),(364,18,120,0,0,'2015-06-25 22:19:59','2015-06-25 22:19:59',0),(365,8,121,0,0,'2015-06-25 22:21:03','2015-06-25 22:21:03',0),(366,18,121,0,0,'2015-06-25 22:21:20','2015-06-25 22:21:20',0),(367,8,122,0,0,'2015-06-25 22:21:49','2015-06-25 22:21:49',0),(368,18,122,0,0,'2015-06-25 22:21:55','2015-06-25 22:21:55',0),(369,8,123,0,0,'2015-06-25 22:22:11','2015-06-25 22:22:11',0),(370,18,123,0,0,'2015-06-25 22:22:17','2015-06-25 22:22:17',0),(371,8,124,0,0,'2015-06-25 22:24:06','2015-06-25 22:24:06',0),(372,18,124,0,0,'2015-06-25 22:24:10','2015-06-25 22:24:10',0),(373,8,125,0,0,'2015-06-25 22:24:26','2015-06-25 22:24:26',0),(374,18,125,0,0,'2015-06-25 22:24:33','2015-06-25 22:24:33',0),(375,22,186,0,0,'2015-06-25 22:33:11','2015-06-25 22:33:11',0),(376,22,187,0,0,'2015-06-25 22:33:38','2015-06-25 22:33:38',0),(377,22,202,0,0,'2015-06-25 22:33:57','2015-06-25 22:33:57',0),(378,8,135,0,0,'2015-06-26 16:06:43','2015-06-26 16:06:43',0),(379,18,136,1,0,'2015-06-26 16:07:33','2015-06-26 16:07:33',0),(380,11,136,0,0,'2015-06-26 16:07:43','2015-06-26 16:07:43',0),(381,8,171,0,0,'2015-06-26 16:08:29','2015-06-26 16:08:29',0),(382,11,171,0,0,'2015-06-26 16:08:35','2015-06-26 16:08:35',0),(383,18,171,0,0,'2015-06-26 16:08:58','2015-06-26 16:08:58',0),(384,8,258,0,0,'2015-06-26 16:09:33','2015-06-26 16:09:33',0),(385,11,258,0,0,'2015-06-26 16:09:38','2015-06-26 16:09:38',0),(386,18,258,0,0,'2015-06-26 16:09:46','2015-06-26 16:09:46',0),(387,8,259,0,0,'2015-06-26 16:10:47','2015-06-26 16:10:47',0),(388,18,259,0,0,'2015-06-26 16:10:53','2015-06-26 16:10:53',0),(389,11,259,0,0,'2015-06-26 16:10:59','2015-06-26 16:10:59',0),(390,8,260,0,0,'2015-06-26 16:11:20','2015-06-26 16:11:20',0),(391,18,260,0,0,'2015-06-26 16:11:26','2015-06-26 16:11:26',0),(392,11,260,0,0,'2015-06-26 16:11:33','2015-06-26 16:11:33',0),(393,8,261,0,0,'2015-06-26 16:11:51','2015-06-26 16:11:51',0),(394,18,261,0,0,'2015-06-26 16:11:58','2015-06-26 16:11:58',0),(395,11,261,0,0,'2015-06-26 16:12:03','2015-06-26 16:12:03',0),(396,8,256,0,0,'2015-06-30 13:05:49','2015-06-30 13:05:49',0),(397,11,256,0,0,'2015-06-30 13:05:58','2015-06-30 13:05:58',0),(398,18,256,0,0,'2015-06-30 13:06:05','2015-06-30 13:06:05',0),(399,22,256,1,0,'2015-06-30 13:06:13','2015-06-30 13:06:13',0),(400,8,257,0,0,'2015-06-30 13:06:44','2015-06-30 13:06:44',0),(401,11,257,0,0,'2015-06-30 13:06:54','2015-06-30 13:06:54',0),(402,22,257,1,0,'2015-06-30 13:06:59','2015-06-30 13:06:59',0),(403,18,257,0,0,'2015-06-30 13:07:04','2015-06-30 13:07:04',0),(404,8,142,0,0,'2015-06-30 13:07:54','2015-06-30 13:07:54',0),(405,18,142,0,0,'2015-06-30 13:08:05','2015-06-30 13:08:05',0),(406,8,143,0,0,'2015-06-30 13:08:50','2015-06-30 13:08:50',0),(407,18,143,0,0,'2015-06-30 13:09:03','2015-06-30 13:09:03',0),(408,8,145,0,0,'2015-06-30 13:09:41','2015-06-30 13:09:41',0),(409,18,145,0,0,'2015-06-30 13:09:46','2015-06-30 13:09:46',0),(410,8,137,0,0,'2015-06-30 13:10:16','2015-06-30 13:10:16',0),(411,18,137,0,0,'2015-06-30 13:10:23','2015-06-30 13:10:23',0),(412,8,144,0,0,'2015-06-30 13:10:46','2015-06-30 13:10:46',0),(413,18,144,0,0,'2015-06-30 13:10:51','2015-06-30 13:10:51',0),(414,8,141,0,0,'2015-06-30 13:11:20','2015-06-30 13:11:20',0),(415,18,141,0,0,'2015-06-30 13:11:25','2015-06-30 13:11:25',0),(416,8,139,0,0,'2015-06-30 13:11:54','2015-06-30 13:11:54',0),(417,18,139,0,0,'2015-06-30 13:12:04','2015-06-30 13:12:04',0),(418,16,213,0,0,'2015-06-30 13:12:38','2015-06-30 13:12:38',0),(419,13,213,0,0,'2015-06-30 13:12:53','2015-06-30 13:12:53',0),(420,7,213,0,0,'2015-06-30 13:13:09','2015-06-30 13:13:09',0),(421,8,138,0,0,'2015-06-30 13:19:48','2015-06-30 13:19:48',0),(422,18,138,0,0,'2015-06-30 13:19:56','2015-06-30 13:19:56',0),(423,8,140,0,0,'2015-06-30 13:20:42','2015-06-30 13:20:42',0),(424,18,140,0,0,'2015-06-30 13:20:47','2015-06-30 13:20:47',0),(425,8,146,0,0,'2015-06-30 13:34:35','2015-06-30 13:34:35',0),(426,18,146,0,0,'2015-06-30 13:34:40','2015-06-30 13:34:40',0),(427,13,206,0,0,'2015-06-30 13:39:11','2015-06-30 13:39:11',0),(428,7,206,0,0,'2015-06-30 13:39:16','2015-06-30 13:39:16',0),(429,16,206,0,0,'2015-06-30 13:41:13','2015-06-30 13:41:13',0),(431,13,207,0,0,'2015-06-30 13:42:08','2015-06-30 13:42:08',0),(433,16,207,0,0,'2015-06-30 13:42:24','2015-06-30 13:42:24',0),(434,7,207,0,0,'2015-06-30 13:42:53','2015-06-30 13:42:53',0),(435,7,208,0,0,'2015-06-30 13:43:23','2015-06-30 13:43:23',0),(436,16,208,0,0,'2015-06-30 13:43:27','2015-06-30 13:43:27',0),(437,13,208,0,0,'2015-06-30 13:43:33','2015-06-30 13:43:33',0),(438,7,263,0,0,'2015-06-30 13:44:23','2015-06-30 13:44:23',0),(439,13,263,0,0,'2015-06-30 13:44:29','2015-06-30 13:44:29',0),(440,16,263,1,0,'2015-06-30 13:44:37','2015-06-30 13:44:37',0),(441,5,264,0,0,'2015-06-30 13:46:14','2015-06-30 13:46:14',0),(442,9,264,1,0,'2015-06-30 13:46:17','2015-06-30 13:46:17',0),(443,11,161,0,0,'2015-06-30 13:46:59','2015-06-30 13:46:59',0),(444,18,161,1,0,'2015-06-30 13:47:05','2015-06-30 13:47:05',0),(445,11,162,0,0,'2015-06-30 13:49:32','2015-06-30 13:49:32',0),(446,18,162,1,0,'2015-06-30 13:49:38','2015-06-30 13:49:38',0),(447,11,164,0,0,'2015-06-30 13:50:12','2015-06-30 13:50:12',0),(448,18,164,1,0,'2015-06-30 13:50:17','2015-06-30 13:50:17',0),(449,11,165,0,0,'2015-06-30 13:50:34','2015-06-30 13:50:34',0),(450,18,165,1,0,'2015-06-30 13:50:41','2015-06-30 13:50:41',0),(451,11,166,0,0,'2015-06-30 13:51:12','2015-06-30 13:51:12',0),(452,18,166,1,0,'2015-06-30 13:51:17','2015-06-30 13:51:17',0),(453,9,188,1,0,'2015-06-30 13:53:58','2015-06-30 13:53:58',0),(454,8,221,0,0,'2015-06-30 13:54:19','2015-06-30 13:54:19',0),(455,18,221,0,0,'2015-06-30 13:54:25','2015-06-30 13:54:25',0),(456,8,168,0,0,'2015-06-30 14:18:18','2015-06-30 14:18:18',0),(457,11,168,1,0,'2015-06-30 14:18:22','2015-06-30 14:18:22',0),(458,8,193,0,0,'2015-06-30 14:18:56','2015-06-30 14:18:56',0),(460,18,193,1,0,'2015-06-30 14:19:18','2015-06-30 14:19:18',0),(461,11,193,0,0,'2015-06-30 14:19:30','2015-06-30 14:19:30',0),(462,8,169,0,0,'2015-06-30 14:19:57','2015-06-30 14:19:57',0),(463,11,169,0,0,'2015-06-30 14:20:01','2015-06-30 14:20:01',0),(464,8,167,0,0,'2015-06-30 14:20:18','2015-06-30 14:20:18',0),(465,11,167,0,0,'2015-06-30 14:20:23','2015-06-30 14:20:23',0),(466,8,222,0,0,'2015-06-30 14:26:33','2015-06-30 14:26:33',0),(467,18,222,0,0,'2015-06-30 14:26:37','2015-06-30 14:26:37',0),(468,8,223,0,0,'2015-06-30 14:27:18','2015-06-30 14:27:18',0),(469,18,223,0,0,'2015-06-30 14:27:22','2015-06-30 14:27:22',0),(470,8,224,0,0,'2015-06-30 14:27:39','2015-06-30 14:27:39',0),(471,18,224,0,0,'2015-06-30 14:27:45','2015-06-30 14:27:45',0),(472,8,225,0,0,'2015-06-30 14:28:04','2015-06-30 14:28:04',0),(473,18,225,0,0,'2015-06-30 14:28:08','2015-06-30 14:28:08',0),(474,15,172,0,0,'2015-06-30 14:28:48','2015-06-30 14:28:48',0),(475,15,173,0,0,'2015-06-30 14:29:09','2015-06-30 14:29:09',0),(476,15,174,0,0,'2015-06-30 14:29:24','2015-06-30 14:29:24',0),(477,15,175,0,0,'2015-06-30 14:29:37','2015-06-30 14:29:37',0),(478,15,176,0,0,'2015-06-30 14:29:51','2015-06-30 14:29:51',0),(479,15,177,0,0,'2015-06-30 14:30:06','2015-06-30 14:30:06',0),(480,8,200,0,0,'2015-06-30 14:30:51','2015-06-30 14:30:51',0),(481,18,200,0,0,'2015-06-30 14:30:56','2015-06-30 14:30:56',0),(482,8,201,0,0,'2015-06-30 14:31:08','2015-06-30 14:31:08',0),(483,18,201,0,0,'2015-06-30 14:31:15','2015-06-30 14:31:15',0),(484,15,178,0,0,'2015-06-30 14:32:00','2015-06-30 14:32:00',0),(485,15,179,0,0,'2015-06-30 14:32:14','2015-06-30 14:32:14',0),(486,15,180,0,0,'2015-06-30 14:32:30','2015-06-30 14:32:30',0),(487,15,181,0,0,'2015-06-30 14:32:43','2015-06-30 14:32:43',0),(488,15,182,0,0,'2015-06-30 14:33:01','2015-06-30 14:33:01',0),(489,22,227,0,0,'2015-06-30 14:33:51','2015-06-30 14:33:51',0),(490,22,230,0,0,'2015-06-30 14:34:06','2015-06-30 14:34:06',0),(491,9,170,0,0,'2015-06-30 14:34:39','2015-06-30 14:34:39',0),(492,13,238,0,0,'2015-06-30 14:36:36','2015-06-30 14:36:36',0),(493,18,238,0,0,'2015-06-30 14:36:45','2015-06-30 14:36:45',0),(494,22,238,1,0,'2015-06-30 14:36:49','2015-06-30 14:36:49',0),(495,13,239,0,0,'2015-06-30 14:37:21','2015-06-30 14:37:21',0),(496,22,239,1,0,'2015-06-30 14:37:28','2015-06-30 14:37:28',0),(497,18,239,0,0,'2015-06-30 14:37:36','2015-06-30 14:37:36',0),(498,13,240,0,0,'2015-06-30 14:37:57','2015-06-30 14:37:57',0),(499,22,240,1,0,'2015-06-30 14:38:02','2015-06-30 14:38:02',0),(500,18,240,0,0,'2015-06-30 14:38:07','2015-06-30 14:38:07',0),(501,13,241,0,0,'2015-06-30 14:38:27','2015-06-30 14:38:27',0),(502,22,241,1,0,'2015-06-30 14:38:35','2015-06-30 14:38:35',0),(503,18,241,0,0,'2015-06-30 14:38:39','2015-06-30 14:38:39',0),(504,18,242,0,0,'2015-06-30 14:39:05','2015-06-30 14:39:05',0),(505,22,242,1,0,'2015-06-30 14:39:10','2015-06-30 14:39:10',0),(506,13,242,0,0,'2015-06-30 14:39:14','2015-06-30 14:39:14',0),(507,13,243,0,0,'2015-06-30 14:39:34','2015-06-30 14:39:34',0),(508,18,243,0,0,'2015-06-30 14:39:40','2015-06-30 14:39:40',0),(509,22,243,1,0,'2015-06-30 14:39:44','2015-06-30 14:39:44',0),(510,13,244,0,0,'2015-06-30 14:40:03','2015-06-30 14:40:03',0),(511,22,244,1,0,'2015-06-30 14:40:08','2015-06-30 14:40:08',0),(512,18,244,0,0,'2015-06-30 14:40:13','2015-06-30 14:40:13',0),(513,13,245,0,0,'2015-06-30 14:40:31','2015-06-30 14:40:31',0),(514,22,245,1,0,'2015-06-30 14:40:37','2015-06-30 14:40:37',0),(515,18,245,0,0,'2015-06-30 14:40:42','2015-06-30 14:40:42',0),(516,22,265,1,0,'2015-06-30 14:41:59','2015-06-30 14:41:59',0),(517,15,265,0,0,'2015-06-30 14:42:06','2015-06-30 14:42:06',0),(518,22,266,1,0,'2015-06-30 14:42:38','2015-06-30 14:42:38',0),(519,15,266,0,0,'2015-06-30 14:42:43','2015-06-30 14:42:43',0),(520,9,24,1,0,'2015-06-30 21:43:27','2015-06-30 21:43:27',0),(521,5,24,0,0,'2015-06-30 21:43:33','2015-06-30 21:43:33',0),(522,11,267,1,0,'2015-07-21 14:09:00','2015-07-21 14:09:00',0),(523,8,267,0,0,'2015-07-21 14:09:08','2015-07-21 14:09:08',0),(524,18,267,0,0,'2015-07-21 14:09:19','2015-07-21 14:09:19',0),(525,15,268,1,0,'2015-08-03 16:34:22','2015-08-03 16:34:22',0),(526,15,269,1,0,'2015-08-03 16:37:36','2015-08-03 16:37:36',0),(527,11,270,0,0,'2015-08-14 19:14:41','2015-08-14 19:14:41',0);

#
# Structure for table "funcionales_modulos"
#

DROP TABLE IF EXISTS `funcionales_modulos`;
CREATE TABLE `funcionales_modulos` (
  `id` int(10) unsigned NOT NULL AUTO_INCREMENT,
  `funcionales_id` int(10) unsigned NOT NULL,
  `modulos_id` int(10) unsigned NOT NULL,
  `capacitado` int(11) DEFAULT '0',
  `principal` smallint(6) DEFAULT '0',
  `created_at` datetime NOT NULL,
  `updated_at` datetime NOT NULL,
  `estado` smallint(6) DEFAULT '0',
  PRIMARY KEY (`id`),
  KEY `funcionales_modulos_funcionales_id_foreign` (`funcionales_id`),
  KEY `funcionales_modulos_modulos_id_foreign` (`modulos_id`),
  CONSTRAINT `funcionales_modulos_funcionales_id_foreign` FOREIGN KEY (`funcionales_id`) REFERENCES `funcionales` (`id`) ON DELETE CASCADE,
  CONSTRAINT `funcionales_modulos_modulos_id_foreign` FOREIGN KEY (`modulos_id`) REFERENCES `modulos` (`id`) ON DELETE CASCADE
) ENGINE=InnoDB AUTO_INCREMENT=297 DEFAULT CHARSET=utf8 COLLATE=utf8_unicode_ci;

#
# Data for table "funcionales_modulos"
#

INSERT INTO `funcionales_modulos` VALUES (4,5,172,0,0,'2015-05-14 21:55:49','2015-05-14 21:55:49',0),(5,6,173,0,0,'2015-05-14 21:56:55','2015-05-14 21:56:55',0),(7,5,176,0,0,'2015-05-14 21:58:28','2015-05-14 21:58:28',0),(8,5,178,0,0,'2015-05-14 22:06:08','2015-05-14 22:06:08',0),(9,3,179,0,0,'2015-05-14 22:07:34','2015-05-14 22:07:34',0),(10,8,180,0,0,'2015-05-14 22:08:21','2015-05-14 22:08:21',0),(11,7,181,0,0,'2015-05-14 22:08:49','2015-05-14 22:08:49',0),(13,10,119,0,1,'2015-05-15 16:25:35','2015-05-15 16:25:35',0),(14,11,146,0,0,'2015-05-20 14:25:23','2015-05-20 14:25:23',0),(15,12,19,0,0,'2015-05-20 19:24:55','2015-05-20 19:24:55',0),(16,12,8,0,1,'2015-05-20 19:28:21','2015-05-20 19:28:21',0),(17,11,10,0,0,'2015-05-20 19:29:30','2015-05-20 19:29:30',0),(18,13,11,0,0,'2015-05-20 19:32:30','2015-05-20 19:32:30',0),(19,14,11,0,0,'2015-05-20 19:34:31','2015-05-20 19:34:31',0),(20,13,12,0,0,'2015-05-20 19:35:30','2015-05-20 19:35:30',0),(21,14,12,0,0,'2015-05-20 19:35:34','2015-05-20 19:35:34',0),(22,13,13,0,0,'2015-05-20 19:36:34','2015-05-20 19:36:34',0),(23,14,13,0,0,'2015-05-20 19:36:39','2015-05-20 19:36:39',0),(24,3,14,0,1,'2015-05-20 19:39:18','2015-05-20 19:39:18',0),(25,13,18,0,0,'2015-05-20 19:40:44','2015-05-20 19:40:44',0),(26,14,18,0,0,'2015-05-20 19:40:48','2015-05-20 19:40:48',0),(29,13,22,0,0,'2015-05-20 19:43:27','2015-05-20 19:43:27',0),(30,14,22,0,0,'2015-05-20 19:43:30','2015-05-20 19:43:30',0),(31,13,23,0,0,'2015-05-20 19:44:32','2015-05-20 19:44:32',0),(32,14,23,0,0,'2015-05-20 19:44:36','2015-05-20 19:44:36',0),(33,13,25,0,0,'2015-05-20 19:45:52','2015-05-20 19:45:52',0),(34,14,25,0,0,'2015-05-20 19:45:55','2015-05-20 19:45:55',0),(35,15,188,0,0,'2015-05-20 19:51:34','2015-05-20 19:51:34',0),(36,13,189,0,0,'2015-05-20 19:56:09','2015-05-20 19:56:09',0),(37,14,189,0,0,'2015-05-20 19:56:12','2015-05-20 19:56:12',0),(38,14,190,0,0,'2015-05-20 19:57:10','2015-05-20 19:57:10',0),(39,13,190,0,0,'2015-05-20 19:57:13','2015-05-20 19:57:13',0),(40,16,203,0,0,'2015-05-25 20:01:53','2015-05-25 20:01:53',0),(41,17,27,0,0,'2015-05-25 20:07:26','2015-05-25 20:07:26',0),(42,18,27,0,0,'2015-05-25 20:08:14','2015-05-25 20:08:14',0),(45,20,34,0,0,'2015-05-25 21:09:56','2015-05-25 21:09:56',0),(46,20,46,0,0,'2015-05-25 21:10:51','2015-05-25 21:10:51',0),(47,21,46,0,0,'2015-05-25 21:12:40','2015-05-25 21:12:40',0),(48,22,37,0,0,'2015-05-25 21:14:29','2015-05-25 21:14:29',0),(49,17,28,0,0,'2015-05-25 21:17:52','2015-05-25 21:17:52',0),(50,20,31,0,0,'2015-05-25 21:22:39','2015-05-25 21:22:39',0),(51,23,29,0,0,'2015-05-25 21:24:33','2015-05-25 21:24:33',0),(53,25,216,0,0,'2015-05-25 21:28:49','2015-05-25 21:28:49',0),(54,25,217,0,0,'2015-05-25 21:30:12','2015-05-25 21:30:12',0),(55,25,219,0,0,'2015-05-25 21:32:34','2015-05-25 21:32:34',0),(56,23,36,0,0,'2015-05-25 21:34:17','2015-05-25 21:34:17',0),(58,26,170,0,0,'2015-05-26 14:08:40','2015-05-26 14:08:40',0),(59,27,170,0,0,'2015-05-26 14:08:45','2015-05-26 14:08:45',0),(60,29,116,0,0,'2015-05-26 22:49:38','2015-05-26 22:49:38',0),(61,28,116,0,0,'2015-05-26 22:49:48','2015-05-26 22:49:48',0),(62,28,117,0,0,'2015-05-26 22:50:05','2015-05-26 22:50:05',0),(63,29,117,0,0,'2015-05-26 22:50:14','2015-05-26 22:50:14',0),(64,29,118,0,0,'2015-05-26 22:50:31','2015-05-26 22:50:31',0),(65,28,118,0,0,'2015-05-26 22:50:36','2015-05-26 22:50:36',0),(66,30,146,0,0,'2015-05-27 15:10:38','2015-05-27 15:10:38',0),(67,11,200,0,0,'2015-05-27 15:11:26','2015-05-27 15:11:26',0),(68,30,200,0,0,'2015-05-27 15:11:32','2015-05-27 15:11:32',0),(69,11,201,0,0,'2015-05-27 15:11:54','2015-05-27 15:11:54',0),(70,30,201,0,0,'2015-05-27 15:11:58','2015-05-27 15:11:58',0),(71,31,120,0,0,'2015-05-27 15:13:16','2015-05-27 15:13:16',0),(72,31,121,0,0,'2015-05-27 15:13:28','2015-05-27 15:13:28',0),(73,31,122,0,0,'2015-05-27 15:13:42','2015-05-27 15:13:42',0),(74,31,123,0,0,'2015-05-27 15:14:04','2015-05-27 15:14:04',0),(75,11,194,0,0,'2015-05-27 15:15:31','2015-05-27 15:15:31',0),(76,30,194,0,0,'2015-05-27 15:15:35','2015-05-27 15:15:35',0),(77,11,195,0,0,'2015-05-27 15:15:54','2015-05-27 15:15:54',0),(78,30,195,0,0,'2015-05-27 15:15:59','2015-05-27 15:15:59',0),(79,11,196,0,0,'2015-05-27 15:18:08','2015-05-27 15:18:08',0),(80,30,196,0,0,'2015-05-27 15:18:13','2015-05-27 15:18:13',0),(81,11,197,0,0,'2015-05-27 15:18:36','2015-05-27 15:18:36',0),(82,30,197,0,0,'2015-05-27 15:18:40','2015-05-27 15:18:40',0),(83,11,198,0,0,'2015-05-27 15:19:28','2015-05-27 15:19:28',0),(84,30,198,0,0,'2015-05-27 15:19:31','2015-05-27 15:19:31',0),(85,11,199,0,0,'2015-05-27 15:19:43','2015-05-27 15:19:43',0),(86,30,199,0,0,'2015-05-27 15:19:49','2015-05-27 15:19:49',0),(87,31,145,0,0,'2015-05-27 15:21:07','2015-05-27 15:21:07',0),(88,31,144,0,0,'2015-05-27 15:21:19','2015-05-27 15:21:19',0),(89,31,143,0,0,'2015-05-27 15:21:33','2015-05-27 15:21:33',0),(90,31,142,0,0,'2015-05-27 15:21:48','2015-05-27 15:21:48',0),(91,31,141,0,0,'2015-05-27 15:21:58','2015-05-27 15:21:58',0),(92,31,140,0,0,'2015-05-27 15:22:12','2015-05-27 15:22:12',0),(93,31,139,0,0,'2015-05-27 15:22:33','2015-05-27 15:22:33',0),(94,31,138,0,0,'2015-05-27 15:22:47','2015-05-27 15:22:47',0),(95,31,137,0,0,'2015-05-27 15:23:11','2015-05-27 15:23:11',0),(96,31,124,0,0,'2015-06-02 21:13:49','2015-06-02 21:13:49',0),(97,31,125,0,0,'2015-06-02 21:14:44','2015-06-02 21:14:44',0),(98,32,126,0,0,'2015-06-02 21:29:11','2015-06-02 21:29:11',0),(99,33,127,0,0,'2015-06-02 21:30:48','2015-06-02 21:30:48',0),(100,34,222,0,0,'2015-06-02 21:42:39','2015-06-02 21:42:39',0),(101,34,223,0,0,'2015-06-02 21:42:51','2015-06-02 21:42:51',0),(102,34,224,0,0,'2015-06-02 21:43:26','2015-06-02 21:43:26',0),(103,34,225,0,0,'2015-06-02 21:43:40','2015-06-02 21:43:40',0),(104,31,57,0,0,'2015-06-02 22:07:07','2015-06-02 22:07:07',0),(105,31,80,0,0,'2015-06-02 22:10:21','2015-06-02 22:10:21',0),(106,31,106,0,0,'2015-06-02 22:20:05','2015-06-02 22:20:05',0),(107,31,86,0,0,'2015-06-02 22:20:40','2015-06-02 22:20:40',0),(108,31,90,0,0,'2015-06-03 13:14:53','2015-06-03 13:14:53',0),(109,31,109,0,0,'2015-06-03 13:15:29','2015-06-03 13:15:29',0),(110,31,74,0,0,'2015-06-03 13:55:53','2015-06-03 13:55:53',0),(111,31,83,0,0,'2015-06-03 14:17:10','2015-06-03 14:17:10',0),(112,31,94,0,0,'2015-06-03 14:17:45','2015-06-03 14:17:45',0),(113,31,101,0,0,'2015-06-03 14:18:26','2015-06-03 14:18:26',0),(114,31,78,0,0,'2015-06-03 14:18:46','2015-06-03 14:18:46',0),(115,31,75,0,0,'2015-06-03 14:19:31','2015-06-03 14:19:31',0),(116,36,128,0,0,'2015-06-03 14:25:26','2015-06-03 14:25:26',0),(117,29,129,0,0,'2015-06-03 14:31:07','2015-06-03 14:31:07',0),(120,14,131,0,0,'2015-06-03 14:43:47','2015-06-03 14:43:47',0),(121,13,131,0,0,'2015-06-03 14:43:52','2015-06-03 14:43:52',0),(122,14,132,0,0,'2015-06-03 14:44:02','2015-06-03 14:44:02',0),(123,13,132,0,0,'2015-06-03 14:44:07','2015-06-03 14:44:07',0),(124,15,135,0,0,'2015-06-03 14:58:21','2015-06-03 14:58:21',0),(125,36,133,0,0,'2015-06-03 14:58:32','2015-06-03 14:58:32',0),(126,31,134,0,0,'2015-06-03 14:59:38','2015-06-03 14:59:38',0),(127,10,136,0,0,'2015-06-03 15:00:21','2015-06-03 15:00:21',0),(128,29,147,0,0,'2015-06-03 15:03:06','2015-06-03 15:03:06',0),(129,38,148,0,0,'2015-06-03 19:45:00','2015-06-03 19:45:00',0),(130,39,167,0,1,'2015-06-04 15:43:34','2015-06-04 15:43:34',0),(131,39,169,0,1,'2015-06-04 15:44:07','2015-06-04 15:44:07',0),(133,35,221,0,0,'2015-06-04 15:52:33','2015-06-04 15:52:33',0),(134,35,160,0,0,'2015-06-04 15:52:55','2015-06-04 15:52:55',0),(136,11,192,0,0,'2015-06-04 15:54:01','2015-06-04 15:54:01',0),(137,35,149,0,0,'2015-06-04 15:54:05','2015-06-04 15:54:05',0),(138,35,191,0,0,'2015-06-04 15:54:29','2015-06-04 15:54:29',0),(140,35,152,0,0,'2015-06-04 15:54:46','2015-06-04 15:54:46',0),(147,13,159,0,0,'2015-06-04 15:57:46','2015-06-04 15:57:46',0),(148,14,159,0,0,'2015-06-04 15:57:51','2015-06-04 15:57:51',0),(149,13,158,0,0,'2015-06-04 15:58:18','2015-06-04 15:58:18',0),(150,14,158,0,0,'2015-06-04 15:58:23','2015-06-04 15:58:23',0),(151,10,157,0,0,'2015-06-04 15:58:40','2015-06-04 15:58:40',0),(152,40,156,0,0,'2015-06-04 16:00:52','2015-06-04 16:00:52',0),(153,13,155,0,0,'2015-06-04 16:02:17','2015-06-04 16:02:17',0),(154,14,155,0,0,'2015-06-04 16:02:23','2015-06-04 16:02:23',0),(155,15,154,0,0,'2015-06-04 16:02:43','2015-06-04 16:02:43',0),(156,41,186,0,0,'2015-06-04 16:06:35','2015-06-04 16:06:35',0),(157,41,187,0,0,'2015-06-04 16:07:11','2015-06-04 16:07:11',0),(158,41,202,0,0,'2015-06-04 16:07:43','2015-06-04 16:07:43',0),(159,42,206,0,0,'2015-06-04 16:14:28','2015-06-04 16:14:28',0),(160,42,207,0,0,'2015-06-04 16:15:05','2015-06-04 16:15:05',0),(161,42,208,0,0,'2015-06-04 16:15:56','2015-06-04 16:15:56',0),(162,43,204,0,0,'2015-06-04 16:20:39','2015-06-04 16:20:39',0),(164,16,214,0,0,'2015-06-04 16:23:21','2015-06-04 16:23:21',0),(165,16,215,0,0,'2015-06-04 16:24:26','2015-06-04 16:24:26',0),(170,35,183,0,0,'2015-06-04 16:42:38','2015-06-04 16:42:38',0),(171,35,38,0,0,'2015-06-04 16:43:11','2015-06-04 16:43:11',0),(172,35,218,0,0,'2015-06-04 16:44:07','2015-06-04 16:44:07',0),(173,35,171,1,0,'2015-06-09 15:47:30','2015-06-09 15:47:30',0),(174,31,58,0,0,'2015-06-09 15:51:07','2015-06-09 15:51:07',0),(175,31,59,0,0,'2015-06-09 15:51:24','2015-06-09 15:51:24',0),(176,31,60,0,0,'2015-06-09 15:51:42','2015-06-09 15:51:42',0),(177,31,61,0,0,'2015-06-09 15:51:52','2015-06-09 15:51:52',0),(178,31,62,0,0,'2015-06-09 15:52:08','2015-06-09 15:52:08',0),(179,31,63,0,0,'2015-06-09 15:52:19','2015-06-09 15:52:19',0),(180,31,64,0,0,'2015-06-09 15:52:29','2015-06-09 15:52:29',0),(181,31,65,0,0,'2015-06-09 15:52:56','2015-06-09 15:52:56',0),(182,31,68,0,0,'2015-06-09 15:53:10','2015-06-09 15:53:10',0),(183,31,72,0,0,'2015-06-09 15:53:20','2015-06-09 15:53:20',0),(184,31,67,0,0,'2015-06-09 15:53:39','2015-06-09 15:53:39',0),(185,31,79,0,0,'2015-06-09 15:54:19','2015-06-09 15:54:19',0),(186,31,93,0,0,'2015-06-09 15:54:50','2015-06-09 15:54:50',0),(187,31,115,0,0,'2015-06-09 15:55:29','2015-06-09 15:55:29',0),(188,31,114,0,0,'2015-06-09 15:55:44','2015-06-09 15:55:44',0),(189,31,112,0,0,'2015-06-09 15:55:57','2015-06-09 15:55:57',0),(190,31,110,0,0,'2015-06-09 15:56:11','2015-06-09 15:56:11',0),(191,31,108,0,0,'2015-06-09 15:56:26','2015-06-09 15:56:26',0),(192,31,105,0,0,'2015-06-09 15:56:38','2015-06-09 15:56:38',0),(193,31,107,0,0,'2015-06-09 15:56:50','2015-06-09 15:56:50',0),(194,31,103,0,0,'2015-06-09 15:57:03','2015-06-09 15:57:03',0),(195,31,85,0,0,'2015-06-09 15:57:17','2015-06-09 15:57:17',0),(196,31,66,0,0,'2015-06-09 15:58:00','2015-06-09 15:58:00',0),(197,31,77,0,0,'2015-06-09 15:58:17','2015-06-09 15:58:17',0),(198,31,71,0,0,'2015-06-09 15:58:27','2015-06-09 15:58:27',0),(199,31,81,0,0,'2015-06-09 15:58:39','2015-06-09 15:58:39',0),(200,31,69,0,0,'2015-06-09 15:58:53','2015-06-09 15:58:53',0),(201,31,70,0,0,'2015-06-09 15:59:03','2015-06-09 15:59:03',0),(202,31,73,0,0,'2015-06-09 15:59:12','2015-06-09 15:59:12',0),(203,31,82,0,0,'2015-06-09 15:59:25','2015-06-09 15:59:25',0),(204,31,76,0,0,'2015-06-09 15:59:34','2015-06-09 15:59:34',0),(205,31,111,0,0,'2015-06-09 15:59:52','2015-06-09 15:59:52',0),(206,31,113,0,0,'2015-06-09 16:00:03','2015-06-09 16:00:03',0),(207,31,87,0,0,'2015-06-09 16:00:17','2015-06-09 16:00:17',0),(208,31,95,0,0,'2015-06-09 16:00:33','2015-06-09 16:00:33',0),(209,31,89,0,0,'2015-06-09 16:01:00','2015-06-09 16:01:00',0),(210,31,91,0,0,'2015-06-09 16:01:16','2015-06-09 16:01:16',0),(211,31,92,0,0,'2015-06-09 16:01:26','2015-06-09 16:01:26',0),(212,31,88,0,0,'2015-06-09 16:01:36','2015-06-09 16:01:36',0),(213,31,96,0,0,'2015-06-09 16:01:47','2015-06-09 16:01:47',0),(214,31,99,0,0,'2015-06-09 16:01:57','2015-06-09 16:01:57',0),(215,31,100,0,0,'2015-06-09 16:02:09','2015-06-09 16:02:09',0),(216,31,102,0,0,'2015-06-09 16:02:19','2015-06-09 16:02:19',0),(217,31,104,0,0,'2015-06-09 16:02:31','2015-06-09 16:02:31',0),(218,31,98,0,0,'2015-06-09 16:02:44','2015-06-09 16:02:44',0),(219,31,97,0,0,'2015-06-09 16:02:55','2015-06-09 16:02:55',0),(220,31,84,0,0,'2015-06-09 16:03:06','2015-06-09 16:03:06',0),(221,35,182,0,0,'2015-06-09 20:26:25','2015-06-09 20:26:25',0),(222,35,174,0,0,'2015-06-09 20:26:57','2015-06-09 20:26:57',0),(223,35,175,0,0,'2015-06-09 20:27:40','2015-06-09 20:27:40',0),(224,35,177,0,0,'2015-06-09 20:28:02','2015-06-09 20:28:02',0),(225,35,56,0,0,'2015-06-11 16:46:37','2015-06-11 16:46:37',0),(226,35,16,0,0,'2015-06-11 16:47:23','2015-06-11 16:47:23',0),(227,44,227,0,0,'2015-06-11 19:14:59','2015-06-11 19:14:59',0),(228,19,17,0,0,'2015-06-16 16:19:45','2015-06-16 16:19:45',0),(230,45,54,0,0,'2015-06-16 16:24:27','2015-06-16 16:24:27',0),(231,12,53,1,0,'2015-06-16 16:25:31','2015-06-16 16:25:31',0),(232,35,49,0,0,'2015-06-16 16:28:48','2015-06-16 16:28:48',0),(234,23,47,0,0,'2015-06-16 16:33:59','2015-06-16 16:33:59',0),(235,39,168,0,1,'2015-06-16 17:04:05','2015-06-16 17:04:05',0),(236,46,165,0,0,'2015-06-16 19:24:40','2015-06-16 19:24:40',0),(237,27,163,0,0,'2015-06-16 19:25:29','2015-06-16 19:25:29',0),(238,14,162,0,0,'2015-06-16 19:25:43','2015-06-16 19:25:43',0),(239,13,162,0,0,'2015-06-16 19:25:49','2015-06-16 19:25:49',0),(240,33,164,0,0,'2015-06-16 19:26:04','2015-06-16 19:26:04',0),(241,15,161,0,0,'2015-06-16 19:26:21','2015-06-16 19:26:21',0),(242,38,150,0,0,'2015-06-16 19:28:18','2015-06-16 19:28:18',0),(243,14,151,0,0,'2015-06-16 19:28:47','2015-06-16 19:28:47',0),(244,13,151,0,0,'2015-06-16 19:28:53','2015-06-16 19:28:53',0),(245,47,151,0,0,'2015-06-16 19:29:59','2015-06-16 19:29:59',0),(246,47,153,0,0,'2015-06-16 19:30:31','2015-06-16 19:30:31',0),(247,13,166,0,0,'2015-06-16 20:30:10','2015-06-16 20:30:10',0),(248,14,166,0,0,'2015-06-16 20:30:18','2015-06-16 20:30:18',0),(249,39,193,0,1,'2015-06-16 20:32:08','2015-06-16 20:32:08',0),(250,31,213,0,0,'2015-06-16 20:32:09','2015-06-16 20:32:09',0),(253,35,185,0,0,'2015-06-18 16:30:04','2015-06-18 16:30:04',0),(254,35,209,0,0,'2015-06-18 16:31:13','2015-06-18 16:31:13',0),(255,35,210,0,0,'2015-06-18 16:32:34','2015-06-18 16:32:34',0),(256,35,211,0,0,'2015-06-18 16:34:10','2015-06-18 16:34:10',0),(257,35,212,0,0,'2015-06-18 16:40:58','2015-06-18 16:40:58',0),(258,14,229,1,0,'2015-06-18 16:44:14','2015-06-18 16:44:14',0),(259,40,229,1,0,'2015-06-18 16:45:08','2015-06-18 16:45:08',0),(260,17,229,1,0,'2015-06-18 16:45:32','2015-06-18 16:45:32',0),(261,35,230,0,0,'2015-06-18 16:48:06','2015-06-18 16:48:06',0),(262,48,229,1,0,'2015-06-19 15:59:58','2015-06-19 15:59:58',0),(263,49,229,1,0,'2015-06-19 16:05:39','2015-06-19 16:05:39',0),(264,16,231,0,0,'2015-06-19 21:08:22','2015-06-19 21:08:22',0),(265,16,232,0,0,'2015-06-19 21:13:41','2015-06-19 21:13:41',0),(266,16,233,0,0,'2015-06-19 21:15:46','2015-06-19 21:15:46',0),(267,16,234,0,0,'2015-06-19 21:28:50','2015-06-19 21:28:50',0),(268,16,235,0,0,'2015-06-19 21:30:39','2015-06-19 21:30:39',0),(269,16,236,1,0,'2015-06-19 21:32:27','2015-06-19 21:32:27',0),(270,16,237,0,0,'2015-06-19 21:39:30','2015-06-19 21:39:30',0),(271,15,238,0,0,'2015-06-23 13:47:38','2015-06-23 13:47:38',0),(272,25,246,0,0,'2015-06-23 16:21:39','2015-06-23 16:21:39',0),(273,13,249,0,0,'2015-06-23 16:26:34','2015-06-23 16:26:34',0),(274,14,249,0,0,'2015-06-23 16:26:40','2015-06-23 16:26:40',0),(275,13,247,0,0,'2015-06-23 16:27:34','2015-06-23 16:27:34',0),(276,14,247,0,0,'2015-06-23 16:27:38','2015-06-23 16:27:38',0),(277,13,248,0,0,'2015-06-23 16:28:06','2015-06-23 16:28:06',0),(278,14,248,0,0,'2015-06-23 16:28:13','2015-06-23 16:28:13',0),(279,13,250,0,0,'2015-06-23 16:28:44','2015-06-23 16:28:44',0),(280,14,250,0,0,'2015-06-23 16:28:48','2015-06-23 16:28:48',0),(281,25,251,0,0,'2015-06-23 16:48:41','2015-06-23 16:48:41',0),(282,25,252,0,0,'2015-06-23 16:51:09','2015-06-23 16:51:09',0),(283,25,253,0,0,'2015-06-23 16:52:09','2015-06-23 16:52:09',0),(284,23,254,0,0,'2015-06-23 16:52:58','2015-06-23 16:52:58',0),(285,35,259,0,0,'2015-06-23 19:19:22','2015-06-23 19:19:22',0),(286,35,260,0,0,'2015-06-23 19:19:51','2015-06-23 19:19:51',0),(287,35,261,0,0,'2015-06-23 19:20:26','2015-06-23 19:20:26',0),(289,35,262,0,0,'2015-06-24 12:59:11','2015-06-24 12:59:11',0),(290,13,24,0,1,'2015-06-30 21:43:38','2015-06-30 21:43:38',0),(291,14,24,0,0,'2015-06-30 21:43:43','2015-06-30 21:43:43',0),(292,35,267,0,0,'2015-07-21 14:09:35','2015-07-21 14:09:35',0),(293,16,268,0,0,'2015-08-03 16:35:25','2015-08-03 16:35:25',0),(294,16,269,0,0,'2015-08-03 16:38:19','2015-08-03 16:38:19',0),(295,35,270,0,0,'2015-08-14 19:15:00','2015-08-14 19:15:00',0),(296,37,265,1,1,'2015-09-14 16:08:59','2015-09-14 16:08:59',0);

#
# Structure for table "capacidades_modulos"
#

DROP TABLE IF EXISTS `capacidades_modulos`;
CREATE TABLE `capacidades_modulos` (
  `Id` int(11) NOT NULL AUTO_INCREMENT,
  `capacidades_id` int(11) unsigned DEFAULT NULL,
  `modulos_id` int(11) unsigned DEFAULT NULL,
  `nivel` int(11) DEFAULT NULL,
  `created_at` timestamp NULL DEFAULT NULL,
  `updated_at` timestamp NULL DEFAULT NULL,
  PRIMARY KEY (`Id`),
  KEY `fk_modulos_capa_idx` (`modulos_id`),
  KEY `fk_cap_mod_capa_idx` (`capacidades_id`),
  CONSTRAINT `fk_cap_mod_capa` FOREIGN KEY (`capacidades_id`) REFERENCES `capacidadesespecificas` (`id`) ON DELETE CASCADE ON UPDATE CASCADE,
  CONSTRAINT `fk_modulos_capa` FOREIGN KEY (`modulos_id`) REFERENCES `modulos` (`id`) ON DELETE CASCADE ON UPDATE CASCADE
) ENGINE=InnoDB DEFAULT CHARSET=latin1;

#
# Data for table "capacidades_modulos"
#


#
# Structure for table "password_resets"
#

DROP TABLE IF EXISTS `password_resets`;
CREATE TABLE `password_resets` (
  `email` varchar(255) COLLATE utf8_unicode_ci NOT NULL,
  `token` varchar(255) COLLATE utf8_unicode_ci NOT NULL,
  `created_at` timestamp NOT NULL DEFAULT '0000-00-00 00:00:00',
  KEY `password_resets_email_index` (`email`),
  KEY `password_resets_token_index` (`token`)
) ENGINE=InnoDB DEFAULT CHARSET=utf8 COLLATE=utf8_unicode_ci;

#
# Data for table "password_resets"
#


#
# Structure for table "permisos"
#

DROP TABLE IF EXISTS `permisos`;
CREATE TABLE `permisos` (
  `Id` int(11) NOT NULL AUTO_INCREMENT,
  `id_ingeniero` int(11) DEFAULT NULL,
  `modulo` varchar(255) CHARACTER SET utf8 DEFAULT NULL,
  `agregar` char(1) CHARACTER SET utf8 DEFAULT '0',
  `upd` char(1) COLLATE utf8_unicode_ci DEFAULT '0',
  `del` char(1) COLLATE utf8_unicode_ci DEFAULT '0',
  `ver` char(1) CHARACTER SET utf8 DEFAULT '1',
  `admin` char(1) COLLATE utf8_unicode_ci DEFAULT '0',
  PRIMARY KEY (`Id`)
) ENGINE=InnoDB AUTO_INCREMENT=21 DEFAULT CHARSET=utf8 COLLATE=utf8_unicode_ci;

#
# Data for table "permisos"
#

INSERT INTO `permisos` VALUES (2,22,'Aplicaciones','1','1','1','1','0'),(3,22,'Modulos','1','1','1','1','0'),(4,22,'Ingenieros','1','0','0','1','0'),(5,22,'Funcionales','1','1','0','0','0'),(6,1,'Aplicaciones','1','1','1','1','1'),(7,1,'Modulos','1','1','1','1','1'),(8,1,'Ingenieros','1','1','1','1','1'),(9,1,'Funcionales','1','1','1','1','1'),(10,5,'Ingenieros','0','0','1','0','0'),(11,13,'Aplicaciones','0','1','1','0','0'),(12,15,'Funcionales','0','1','0','0','0'),(13,7,'Ingenieros','0','0','0','1','0'),(14,8,'Aplicaciones','1','1','1','1','0'),(15,22,'Servidores','1','0','1','1','0'),(16,22,'Logs','1','1','1','1','0'),(17,7,'Aplicaciones','1','1','1','1','0'),(18,7,'Modulos','1','1','1','1','0'),(19,7,'Servidores','1','1','1','1','0'),(20,7,'Logs','1','1','1','1','0');

#
# Structure for table "users"
#

DROP TABLE IF EXISTS `users`;
CREATE TABLE `users` (
  `id` int(10) unsigned NOT NULL AUTO_INCREMENT,
  `name` varchar(255) COLLATE utf8_unicode_ci NOT NULL,
  `email` varchar(255) COLLATE utf8_unicode_ci NOT NULL,
  `password` varchar(60) COLLATE utf8_unicode_ci NOT NULL,
  `remember_token` varchar(100) COLLATE utf8_unicode_ci DEFAULT NULL,
  `created_at` timestamp NOT NULL DEFAULT '0000-00-00 00:00:00',
  `updated_at` timestamp NOT NULL DEFAULT '0000-00-00 00:00:00',
  PRIMARY KEY (`id`),
  UNIQUE KEY `users_email_unique` (`email`)
) ENGINE=InnoDB DEFAULT CHARSET=utf8 COLLATE=utf8_unicode_ci;

#
# Data for table "users"
#

